invoice_id,po_number,vendor_id,invoice_date,invoice_amount,invoice_number,posting_date,payment_date,payment_status,three_way_match_status,is_duplicate,is_maverick_spend
INV000005,4500000029,VEND012,2025-01-08,595000,VEND012-202501-2709,2025-01-13,2025-03-01,Paid,Matched,False,False
INV000010,4500000351,VEND004,2025-01-15,208000,VEND004-202501-4636,2025-01-16,2025-03-17,Paid,Matched,False,False
INV000020,4500000397,VEND026,2025-01-17,1052000,VEND026-202501-1310,2025-01-17,2025-03-02,Paid,Matched,False,False
INV000016,4500000368,VEND042,2025-01-15,161000,VEND042-202501-5874,2025-01-21,2025-03-01,Paid,Matched,False,False
INV000019,4500000079,VEND030,2025-01-17,116000,VEND030-202501-7760,2025-01-21,2025-04-16,Paid,Matched,False,False
INV000011,4500000186,VEND044,2025-01-22,1114000,VEND044-202501-4769,2025-01-23,2025-03-08,Paid,Matched,False,False
INV000015,4500000481,VEND026,2025-01-20,277000,VEND026-202501-4903,2025-01-23,2025-03-11,Paid,Matched,False,False
INV000523,,VEND028,2025-01-25,746000,VEND028-202501-2163,2025-01-25,2025-04-21,Paid,No PO,False,True
INV000001,4500000226,VEND019,2025-01-22,1274000,VEND019-202501-6051,2025-01-27,2025-03-15,Paid,Matched,False,False
INV000003,4500000193,VEND039,2025-01-21,932000,VEND039-202501-6383,2025-01-27,2025-04-01,Paid,Matched,False,False
INV000008,4500000269,VEND033,2025-01-22,558000,VEND033-202501-5710,2025-01-27,,Open,Matched,False,False
INV000012,4500000379,VEND012,2025-01-24,1364000,VEND012-202501-6717,2025-01-27,2025-03-08,Paid,Matched,False,False
INV000551,4500000186,VEND044,2025-01-24,537000,VEND044-202501-7048,2025-01-27,2025-03-12,Paid,Matched,False,False
INV000018,4500000310,VEND003,2025-01-24,350000,VEND003-202501-2741,2025-01-28,,Open,Matched,False,False
INV000026,4500000001,VEND030,2025-01-24,330000,VEND030-202501-1311,2025-01-28,,Blocked,Price Variance,False,False
INV000027,4500000002,VEND030,2025-01-28,413000,VEND030-202501-9918,2025-01-28,,Open,Matched,False,False
INV000002,4500000110,VEND020,2025-01-27,675000,VEND020-202501-1043,2025-01-29,2025-04-07,Paid,Matched,False,False
INV000004,4500000453,VEND041,2025-01-28,1440000,VEND041-202501-6748,2025-01-29,2025-04-21,Paid,Matched,False,False
INV000006,4500000228,VEND015,2025-01-23,1144000,VEND015-202501-7961,2025-01-29,2025-04-07,Paid,Matched,False,False
INV000573,4500000368,VEND042,2025-01-23,161000,VEND042-202501-5874-DUP,2025-01-29,,Open,Price Variance,True,False
INV000022,4500000330,VEND007,2025-01-28,766000,VEND007-202501-7570,2025-01-31,2025-03-16,Paid,Matched,False,False
INV000035,4500000225,VEND023,2025-01-28,1426000,VEND023-202501-4677,2025-01-31,2025-04-22,Paid,Matched,False,False
INV000038,4500000431,VEND041,2025-01-31,1123000,VEND041-202501-2089,2025-01-31,2025-04-23,Paid,Matched,False,False
INV000040,4500000261,VEND045,2025-01-31,722000,VEND045-202501-1809,2025-01-31,2025-04-03,Paid,Matched,False,False
INV000023,4500000346,VEND043,2025-01-31,1100000,VEND043-202501-6898,2025-02-03,2025-04-30,Paid,Matched,False,False
INV000025,4500000297,VEND026,2025-01-29,993000,VEND026-202501-1851,2025-02-03,2025-03-17,Paid,Matched,False,False
INV000504,4500000226,VEND019,2025-02-03,1386000,VEND019-202502-9859,2025-02-03,2025-03-19,Paid,Price Variance,False,True
INV000007,4500000401,VEND012,2025-01-29,1384000,VEND012-202501-9488,2025-02-04,,Open,Matched,False,False
INV000013,4500000451,VEND012,2025-01-29,1019000,VEND012-202501-6523,2025-02-04,2025-03-20,Paid,Matched,False,False
INV000031,4500000272,VEND019,2025-01-30,991000,VEND019-202501-6222,2025-02-05,,Blocked,Matched,False,False
INV000009,4500000176,VEND001,2025-02-03,1449000,VEND001-202502-6252,2025-02-06,,Open,Quantity Variance,False,False
INV000034,4500000068,VEND036,2025-02-06,1057000,VEND036-202502-8433,2025-02-06,2025-03-22,Paid,Matched,False,False
INV000044,4500000054,VEND010,2025-02-07,1061000,VEND010-202502-4165,2025-02-10,2025-05-07,Paid,Matched,False,False
INV000033,4500000168,VEND039,2025-02-10,41000,VEND039-202502-7524,2025-02-11,2025-04-20,Paid,Matched,False,False
INV000051,4500000008,VEND011,2025-02-13,279000,VEND011-202502-4859,2025-02-13,2025-05-10,Paid,Matched,False,False
INV000046,4500000335,VEND028,2025-02-10,163000,VEND028-202502-6766,2025-02-14,2025-05-14,Paid,Matched,False,False
INV000036,4500000275,VEND038,2025-02-12,488000,VEND038-202502-4947,2025-02-17,2025-04-18,Paid,Matched,False,False
INV000056,4500000059,VEND037,2025-02-13,336000,VEND037-202502-9777,2025-02-17,2025-04-03,Paid,Matched,False,False
INV000021,4500000188,VEND003,2025-02-13,1447000,VEND003-202502-7596,2025-02-18,,Open,Price Variance,False,False
INV000042,4500000427,VEND039,2025-02-17,1568000,VEND039-202502-4282,2025-02-18,,Open,Matched,False,False
INV000513,4500000002,VEND030,2025-02-18,475000,VEND030-202502-3138,2025-02-18,2025-05-12,Paid,Price Variance,False,True
INV000048,4500000265,VEND029,2025-02-13,600000,VEND029-202502-8289,2025-02-19,2025-05-15,Paid,Matched,False,False
INV000050,4500000007,VEND011,2025-02-14,385000,VEND011-202502-3673,2025-02-19,2025-05-12,Paid,Matched,False,False
INV000014,4500000195,VEND038,2025-02-14,675000,VEND038-202502-1080,2025-02-20,2025-04-22,Paid,Matched,False,False
INV000017,4500000144,VEND043,2025-02-14,93000,VEND043-202502-6068,2025-02-20,2025-05-12,Paid,Matched,False,False
INV000061,4500000006,VEND040,2025-02-20,396000,VEND040-202502-8000,2025-02-20,2025-04-29,Paid,Matched,False,False
INV000024,4500000058,VEND009,2025-02-19,1183000,VEND009-202502-3159,2025-02-21,,Open,Matched,False,False
INV000029,4500000484,VEND028,2025-02-18,649000,VEND028-202502-1318,2025-02-21,,Open,Matched,False,False
INV000030,4500000486,VEND030,2025-02-18,817000,VEND030-202502-5081,2025-02-21,2025-05-20,Paid,Matched,False,False
INV000032,4500000147,VEND014,2025-02-17,735000,VEND014-202502-9623,2025-02-21,2025-05-17,Paid,Matched,False,False
INV000037,4500000155,VEND035,2025-02-21,334000,VEND035-202502-1668,2025-02-21,2025-04-09,Paid,Matched,False,False
INV000521,,VEND002,2025-02-19,163000,VEND002-202502-4557,2025-02-24,2025-04-26,Paid,No PO,False,True
INV000564,4500000269,VEND033,2025-02-21,184000,VEND033-202502-7237,2025-02-24,2025-05-24,Paid,Matched,False,False
INV000567,4500000058,VEND009,2025-02-19,579000,VEND009-202502-2910,2025-02-24,2025-05-18,Paid,Matched,False,False
INV000028,4500000121,VEND041,2025-02-21,510000,VEND041-202502-8790,2025-02-25,,Open,Matched,False,False
INV000045,4500000199,VEND027,2025-02-25,1315000,VEND027-202502-5211,2025-02-25,2025-05-22,Paid,Quantity Variance,False,False
INV000052,4500000264,VEND037,2025-02-25,1300000,VEND037-202502-4503,2025-02-25,,Open,Price Variance,False,False
INV000054,4500000218,VEND015,2025-02-25,702000,VEND015-202502-4391,2025-02-25,2025-04-29,Paid,Matched,False,False
INV000060,4500000005,VEND040,2025-02-24,376000,VEND040-202502-9256,2025-02-25,2025-05-03,Paid,Quantity Variance,False,False
INV000065,4500000220,VEND038,2025-02-20,1401000,VEND038-202502-6152,2025-02-25,2025-04-26,Paid,Matched,False,False
INV000058,4500000232,VEND040,2025-02-24,947000,VEND040-202502-4823,2025-02-26,2025-04-30,Paid,Matched,False,False
INV000041,4500000098,VEND007,2025-02-26,258000,VEND007-202502-5249,2025-02-28,,Blocked,Matched,False,False
INV000062,4500000099,VEND030,2025-02-27,924000,VEND030-202502-8532,2025-02-28,2025-05-28,Paid,Matched,False,False
INV000068,4500000048,VEND039,2025-02-28,133000,VEND039-202502-3869,2025-02-28,2025-05-04,Paid,Matched,False,False
INV000072,4500000134,VEND012,2025-02-26,1217000,VEND012-202502-6951,2025-02-28,,Blocked,Matched,False,False
INV000039,4500000378,VEND006,2025-02-28,1498000,VEND006-202502-9333,2025-03-03,2025-05-06,Paid,Matched,False,False
INV000059,4500000493,VEND039,2025-02-28,877000,VEND039-202502-8319,2025-03-03,,Open,Matched,False,False
INV000064,4500000163,VEND012,2025-03-03,1234000,VEND012-202503-5617,2025-03-03,2025-04-12,Paid,Matched,False,False
INV000075,4500000418,VEND015,2025-02-26,224000,VEND015-202502-9856,2025-03-03,2025-05-08,Paid,Matched,False,False
INV000049,4500000069,VEND009,2025-03-03,1215000,VEND009-202503-5146,2025-03-04,2025-05-29,Paid,Matched,False,False
INV000053,4500000447,VEND003,2025-03-05,542000,VEND003-202503-1178,2025-03-05,2025-06-02,Paid,Matched,False,False
INV000077,4500000278,VEND037,2025-03-03,416000,VEND037-202503-2596,2025-03-05,2025-04-16,Paid,Matched,False,False
INV000043,4500000294,VEND044,2025-02-28,1226000,VEND044-202502-7755,2025-03-06,,Open,Matched,False,False
INV000057,4500000096,VEND021,2025-03-04,1327000,VEND021-202503-9057,2025-03-07,2025-04-22,Paid,Matched,False,False
INV000063,4500000213,VEND012,2025-03-07,66000,VEND012-202503-5651,2025-03-07,2025-04-18,Paid,Matched,False,False
INV000571,4500000144,VEND043,2025-03-04,93000,VEND043-202502-6068-DUP,2025-03-07,2025-06-03,Paid,Matched,True,False
INV000586,4500000188,VEND003,2025-03-09,1447000,VEND003-202502-7596-DUP,2025-03-10,2025-06-07,Paid,Matched,True,False
INV000080,4500000387,VEND016,2025-03-07,493000,VEND016-202503-6077,2025-03-11,2025-04-27,Paid,Matched,False,False
INV000086,4500000052,VEND041,2025-03-06,385000,VEND041-202503-6331,2025-03-11,2025-06-01,Paid,Matched,False,False
INV000047,4500000473,VEND005,2025-03-07,793000,VEND005-202503-1449,2025-03-12,2025-06-06,Paid,Matched,False,False
INV000067,4500000405,VEND043,2025-03-06,216000,VEND043-202503-1066,2025-03-12,2025-06-03,Paid,Matched,False,False
INV000070,4500000414,VEND011,2025-03-10,82000,VEND011-202503-8910,2025-03-12,2025-06-06,Paid,Matched,False,False
INV000079,4500000370,VEND013,2025-03-10,1422000,VEND013-202503-5775,2025-03-12,2025-04-20,Paid,Matched,False,False
INV000092,4500000497,VEND045,2025-03-12,686000,VEND045-202503-5154,2025-03-12,2025-05-12,Paid,Matched,False,False
INV000084,4500000180,VEND038,2025-03-11,899000,VEND038-202503-4703,2025-03-13,2025-05-20,Paid,Matched,False,False
INV000066,4500000333,VEND002,2025-03-10,195000,VEND002-202503-4187,2025-03-14,2025-05-18,Paid,Matched,False,False
INV000076,4500000047,VEND023,2025-03-11,320000,VEND023-202503-3196,2025-03-14,2025-06-07,Paid,Matched,False,False
INV000087,4500000291,VEND030,2025-03-11,115000,VEND030-202503-3029,2025-03-14,2025-06-03,Paid,Matched,False,False
INV000055,4500000399,VEND020,2025-03-14,1523000,VEND020-202503-9784,2025-03-17,2025-05-24,Paid,Price Variance,False,False
INV000548,4500000405,VEND043,2025-03-12,59000,VEND043-202503-5363,2025-03-17,,Open,Matched,False,False
INV000094,4500000212,VEND027,2025-03-12,1118000,VEND027-202503-9132,2025-03-18,2025-06-09,Paid,Matched,False,False
INV000069,4500000085,VEND040,2025-03-17,1170000,VEND040-202503-4611,2025-03-19,2025-05-22,Paid,Quantity Variance,False,False
INV000073,4500000466,VEND042,2025-03-19,1496000,VEND042-202503-1725,2025-03-19,2025-04-30,Paid,Price Variance,False,False
INV000078,4500000500,VEND012,2025-03-19,1327000,VEND012-202503-9314,2025-03-20,2025-04-29,Paid,Price Variance,False,False
INV000071,4500000165,VEND006,2025-03-19,604000,VEND006-202503-3608,2025-03-21,2025-05-20,Paid,Matched,False,False
INV000595,4500000378,VEND006,2025-03-18,1498000,VEND006-202502-9333-DUP,2025-03-21,2025-05-26,Paid,Matched,True,False
INV000083,4500000075,VEND031,2025-03-20,707000,VEND031-202503-3894,2025-03-24,2025-05-29,Paid,Matched,False,False
INV000074,4500000423,VEND005,2025-03-19,887000,VEND005-202503-5840,2025-03-25,2025-06-17,Paid,Matched,False,False
INV000097,4500000094,VEND041,2025-03-24,860000,VEND041-202503-4809,2025-03-25,2025-06-20,Paid,Quantity Variance,False,False
INV000089,4500000123,VEND033,2025-03-24,1241000,VEND033-202503-8091,2025-03-26,2025-06-17,Paid,Matched,False,False
INV000105,4500000496,VEND017,2025-03-26,54000,VEND017-202503-2186,2025-03-27,2025-05-30,Paid,Matched,False,False
INV000107,4500000206,VEND017,2025-03-26,646000,VEND017-202503-4313,2025-03-28,2025-05-29,Paid,Quantity Variance,False,False
INV000082,4500000324,VEND006,2025-03-31,1620000,VEND006-202503-7430,2025-03-31,,Open,Matched,False,False
INV000102,4500000389,VEND041,2025-03-27,358000,VEND041-202503-5124,2025-03-31,2025-06-27,Paid,Matched,False,False
INV000096,4500000488,VEND010,2025-03-28,152000,VEND010-202503-5675,2025-04-01,2025-06-25,Paid,Matched,False,False
INV000081,4500000074,VEND037,2025-04-02,160000,VEND037-202504-3559,2025-04-02,2025-05-14,Paid,Matched,False,False
INV000100,4500000356,VEND003,2025-04-01,481000,VEND003-202504-5834,2025-04-03,2025-06-28,Paid,Matched,False,False
INV000117,4500000210,VEND016,2025-04-03,796000,VEND016-202504-5154,2025-04-04,2025-05-13,Paid,Matched,False,False
INV000085,4500000139,VEND011,2025-04-02,159000,VEND011-202504-5702,2025-04-07,,Open,Matched,False,False
INV000098,4500000190,VEND032,2025-04-07,1492000,VEND032-202504-6676,2025-04-07,,Open,Matched,False,False
INV000088,4500000353,VEND022,2025-04-09,144000,VEND022-202504-8815,2025-04-09,2025-07-05,Paid,Price Variance,False,False
INV000093,4500000296,VEND026,2025-04-07,173000,VEND026-202504-5989,2025-04-09,2025-05-19,Paid,Matched,False,False
INV000090,4500000355,VEND035,2025-04-09,923000,VEND035-202504-4738,2025-04-10,2025-05-24,Paid,Matched,False,False
INV000103,4500000246,VEND042,2025-04-07,551000,VEND042-202504-7789,2025-04-10,2025-05-19,Paid,Matched,False,False
INV000132,4500000323,VEND024,2025-04-10,913000,VEND024-202504-9151,2025-04-10,2025-06-13,Paid,Matched,False,False
INV000531,,VEND037,2025-04-05,772000,VEND037-202504-5064,2025-04-10,2025-05-21,Paid,No PO,False,True
INV000099,4500000281,VEND015,2025-04-09,1204000,VEND015-202504-4340,2025-04-11,2025-06-15,Paid,Quantity Variance,False,False
INV000124,4500000053,VEND003,2025-04-08,1615000,VEND003-202504-2474,2025-04-11,2025-07-05,Paid,Matched,False,False
INV000091,4500000469,VEND008,2025-04-10,1340000,VEND008-202504-2918,2025-04-15,2025-06-17,Paid,Matched,False,False
INV000095,4500000175,VEND036,2025-04-14,74000,VEND036-202504-8141,2025-04-15,,Blocked,Matched,False,False
INV000101,4500000471,VEND041,2025-04-15,1327000,VEND041-202504-2323,2025-04-16,,Blocked,Price Variance,False,False
INV000104,4500000067,VEND027,2025-04-10,291000,VEND027-202504-1939,2025-04-16,2025-07-07,Paid,Matched,False,False
INV000109,4500000135,VEND028,2025-04-11,1029000,VEND028-202504-7674,2025-04-16,2025-07-07,Paid,Matched,False,False
INV000114,4500000409,VEND026,2025-04-10,1229000,VEND026-202504-5918,2025-04-16,2025-05-27,Paid,Matched,False,False
INV000126,4500000345,VEND004,2025-04-14,478000,VEND004-202504-7091,2025-04-16,2025-06-17,Paid,Matched,False,False
INV000108,4500000131,VEND039,2025-04-16,1086000,VEND039-202504-8172,2025-04-17,2025-06-19,Paid,Matched,False,False
INV000129,4500000489,VEND043,2025-04-11,1053000,VEND043-202504-4428,2025-04-17,,Open,Matched,False,False
INV000565,4500000075,VEND031,2025-04-11,485000,VEND031-202504-9838,2025-04-17,2025-06-20,Paid,Matched,False,False
INV000119,4500000009,VEND026,2025-04-14,363000,VEND026-202504-4828,2025-04-18,,Open,Matched,False,False
INV000121,4500000286,VEND023,2025-04-16,697000,VEND023-202504-1588,2025-04-18,2025-07-13,Paid,Matched,False,False
INV000125,4500000107,VEND045,2025-04-14,167000,VEND045-202504-1623,2025-04-18,2025-06-18,Paid,Matched,False,False
INV000520,4500000190,VEND032,2025-04-16,1700000,VEND032-202504-5764,2025-04-18,2025-07-11,Paid,Price Variance,False,True
INV000576,4500000296,VEND026,2025-04-19,173000,VEND026-202504-5989-DUP,2025-04-19,2025-05-27,Paid,Price Variance,True,False
INV000128,4500000358,VEND022,2025-04-18,859000,VEND022-202504-2393,2025-04-21,2025-07-15,Paid,Matched,False,False
INV000120,4500000010,VEND026,2025-04-18,296000,VEND026-202504-4520,2025-04-22,2025-06-01,Paid,Matched,False,False
INV000138,4500000202,VEND012,2025-04-17,732000,VEND012-202504-7195,2025-04-22,2025-05-31,Paid,Matched,False,False
INV000112,4500000334,VEND015,2025-04-17,707000,VEND015-202504-8706,2025-04-23,2025-06-27,Paid,Matched,False,False
INV000130,4500000328,VEND025,2025-04-22,1137000,VEND025-202504-7491,2025-04-23,2025-06-25,Paid,Price Variance,False,False
INV000588,4500000135,VEND028,2025-04-21,1029000,VEND028-202504-7674-DUP,2025-04-23,,Open,Matched,True,False
INV000106,4500000182,VEND019,2025-04-22,1324000,VEND019-202504-8340,2025-04-24,2025-06-06,Paid,Matched,False,False
INV000110,4500000472,VEND041,2025-04-18,1342000,VEND041-202504-5558,2025-04-24,2025-07-19,Paid,Matched,False,False
INV000141,4500000457,VEND037,2025-04-23,1173000,VEND037-202504-7710,2025-04-24,2025-06-08,Paid,Price Variance,False,False
INV000143,4500000359,VEND041,2025-04-22,645000,VEND041-202504-1187,2025-04-24,,Blocked,Matched,False,False
INV000131,4500000381,VEND021,2025-04-23,1120000,VEND021-202504-3278,2025-04-28,2025-06-08,Paid,Matched,False,False
INV000113,4500000420,VEND025,2025-04-24,1301000,VEND025-202504-3757,2025-04-29,2025-07-01,Paid,Quantity Variance,False,False
INV000116,4500000184,VEND041,2025-04-23,140000,VEND041-202504-6090,2025-04-29,2025-07-21,Paid,Matched,False,False
INV000122,4500000349,VEND028,2025-04-29,133000,VEND028-202504-5424,2025-04-29,,Open,Quantity Variance,False,False
INV000118,4500000289,VEND029,2025-04-24,512000,VEND029-202504-9673,2025-04-30,2025-07-26,Paid,Price Variance,False,False
INV000142,4500000367,VEND038,2025-04-30,826000,VEND038-202504-1700,2025-04-30,,Open,Matched,False,False
INV000146,4500000189,VEND019,2025-04-28,1081000,VEND019-202504-3918,2025-04-30,,Blocked,Matched,False,False
INV000135,4500000461,VEND031,2025-04-29,341000,VEND031-202504-2658,2025-05-01,2025-07-08,Paid,Matched,False,False
INV000115,4500000179,VEND008,2025-04-29,1135000,VEND008-202504-9726,2025-05-02,2025-07-01,Paid,Quantity Variance,False,False
INV000144,4500000013,VEND021,2025-05-02,324000,VEND021-202505-3761,2025-05-02,2025-06-17,Paid,Matched,False,False
INV000147,4500000056,VEND010,2025-04-28,1354000,VEND010-202504-6643,2025-05-02,2025-07-30,Paid,Price Variance,False,False
INV000148,4500000078,VEND020,2025-04-29,1293000,VEND020-202504-6761,2025-05-02,,Blocked,Matched,False,False
INV000152,4500000480,VEND036,2025-04-30,1480000,VEND036-202504-6825,2025-05-02,2025-06-12,Paid,Matched,False,False
INV000111,4500000151,VEND004,2025-04-29,114000,VEND004-202504-7558,2025-05-05,2025-07-07,Paid,Matched,False,False
INV000159,4500000343,VEND022,2025-05-05,1116000,VEND022-202505-7401,2025-05-05,2025-08-02,Paid,Matched,False,False
INV000512,4500000125,VEND036,2025-05-01,1329000,VEND036-202505-7900,2025-05-05,2025-06-15,Paid,Price Variance,False,True
INV000145,4500000014,VEND021,2025-05-01,228000,VEND021-202505-3412,2025-05-06,2025-06-14,Paid,Matched,False,False
INV000133,4500000271,VEND029,2025-05-02,105000,VEND029-202505-6769,2025-05-07,2025-07-27,Paid,Matched,False,False
INV000127,4500000279,VEND004,2025-05-08,1213000,VEND004-202505-1726,2025-05-08,2025-07-14,Paid,Price Variance,False,False
INV000137,4500000388,VEND007,2025-05-02,362000,VEND007-202505-8826,2025-05-08,2025-06-24,Paid,Quantity Variance,False,False
INV000154,4500000361,VEND019,2025-05-07,145000,VEND019-202505-2555,2025-05-08,2025-06-21,Paid,Matched,False,False
INV000526,,VEND027,2025-05-06,718000,VEND027-202505-6337,2025-05-08,2025-08-04,Paid,No PO,False,True
INV000544,4500000296,VEND026,2025-05-02,93000,VEND026-202505-8357,2025-05-08,2025-06-22,Paid,Matched,False,False
INV000592,4500000420,VEND025,2025-05-06,1301000,VEND025-202504-3757-DUP,2025-05-08,2025-07-09,Paid,Matched,True,False
INV000123,4500000325,VEND004,2025-05-06,724000,VEND004-202505-5877,2025-05-09,2025-07-12,Paid,Matched,False,False
INV000158,4500000385,VEND013,2025-05-07,1616000,VEND013-202505-7471,2025-05-09,2025-06-20,Paid,Matched,False,False
INV000136,4500000219,VEND007,2025-05-09,295000,VEND007-202505-7740,2025-05-12,,Blocked,Matched,False,False
INV000139,4500000154,VEND009,2025-05-09,1385000,VEND009-202505-6896,2025-05-12,2025-08-08,Paid,Matched,False,False
INV000530,,VEND043,2025-05-08,786000,VEND043-202505-2319,2025-05-12,2025-08-03,Paid,No PO,False,True
INV000166,4500000004,VEND001,2025-05-09,270000,VEND001-202505-8815,2025-05-13,2025-08-05,Paid,Matched,False,False
INV000524,,VEND010,2025-05-08,386000,VEND010-202505-6937,2025-05-13,2025-08-08,Paid,No PO,False,True
INV000134,4500000125,VEND036,2025-05-13,1189000,VEND036-202505-9034,2025-05-14,2025-06-30,Paid,Matched,False,False
INV000149,4500000046,VEND031,2025-05-12,457000,VEND031-202505-8779,2025-05-15,2025-07-17,Paid,Matched,False,False
INV000543,4500000179,VEND008,2025-05-14,562000,VEND008-202505-2267,2025-05-15,2025-07-21,Paid,Matched,False,False
INV000562,4500000135,VEND028,2025-05-13,671000,VEND028-202505-6158,2025-05-15,2025-08-07,Paid,Matched,False,False
INV000156,4500000315,VEND002,2025-05-13,629000,VEND002-202505-4644,2025-05-16,2025-07-16,Paid,Matched,False,False
INV000140,4500000262,VEND033,2025-05-15,1145000,VEND033-202505-5103,2025-05-19,2025-08-10,Paid,Price Variance,False,False
INV000165,4500000003,VEND001,2025-05-13,289000,VEND001-202505-7007,2025-05-19,,Open,Matched,False,False
INV000168,4500000383,VEND006,2025-05-13,713000,VEND006-202505-5478,2025-05-19,,Open,Matched,False,False
INV000589,4500000125,VEND036,2025-05-14,1329000,VEND036-202505-7900-DUP,2025-05-19,2025-07-02,Paid,Price Variance,True,False
INV000150,4500000400,VEND027,2025-05-16,135000,VEND027-202505-4761,2025-05-21,2025-08-10,Paid,Matched,False,False
INV000153,4500000203,VEND035,2025-05-20,1530000,VEND035-202505-8147,2025-05-21,2025-07-01,Paid,Matched,False,False
INV000169,4500000112,VEND009,2025-05-20,373000,VEND009-202505-7011,2025-05-21,2025-08-16,Paid,Matched,False,False
INV000157,4500000065,VEND039,2025-05-22,612000,VEND039-202505-9297,2025-05-22,,Blocked,Matched,False,False
INV000162,4500000433,VEND037,2025-05-22,1158000,VEND037-202505-4123,2025-05-22,2025-07-06,Paid,Quantity Variance,False,False
INV000528,,VEND039,2025-05-21,747000,VEND039-202505-5783,2025-05-22,2025-07-29,Paid,No PO,False,True
INV000151,4500000128,VEND039,2025-05-23,88000,VEND039-202505-9941,2025-05-23,,Open,Matched,False,False
INV000161,4500000449,VEND020,2025-05-22,1403000,VEND020-202505-7290,2025-05-23,2025-07-22,Paid,Matched,False,False
INV000181,4500000435,VEND022,2025-05-23,1228000,VEND022-202505-4193,2025-05-26,2025-08-16,Paid,Matched,False,False
INV000167,4500000080,VEND045,2025-05-21,933000,VEND045-202505-5476,2025-05-27,,Blocked,Matched,False,False
INV000155,4500000222,VEND021,2025-05-28,84000,VEND021-202505-8990,2025-05-28,2025-07-12,Paid,Matched,False,False
INV000180,4500000428,VEND023,2025-05-28,1294000,VEND023-202505-4034,2025-05-28,,Blocked,Matched,False,False
INV000563,4500000323,VEND024,2025-05-23,277000,VEND024-202505-1409,2025-05-29,,Blocked,Matched,False,False
INV000170,4500000241,VEND021,2025-05-27,138000,VEND021-202505-9347,2025-05-30,2025-07-16,Paid,Matched,False,False
INV000174,4500000398,VEND012,2025-05-27,1328000,VEND012-202505-8592,2025-05-30,2025-07-12,Paid,Matched,False,False
INV000175,4500000475,VEND001,2025-05-27,515000,VEND001-202505-1449,2025-05-30,2025-08-19,Paid,Matched,False,False
INV000164,4500000267,VEND005,2025-06-02,150000,VEND005-202506-8393,2025-06-02,,Blocked,Matched,False,False
INV000173,4500000280,VEND036,2025-05-27,524000,VEND036-202505-2234,2025-06-02,2025-07-15,Paid,Quantity Variance,False,False
INV000187,4500000386,VEND038,2025-05-30,136000,VEND038-202505-4742,2025-06-02,2025-08-09,Paid,Matched,False,False
INV000163,4500000233,VEND037,2025-06-02,133000,VEND037-202506-7276,2025-06-03,2025-07-20,Paid,Matched,False,False
INV000177,4500000380,VEND004,2025-05-30,138000,VEND004-202505-1474,2025-06-03,2025-08-09,Paid,Matched,False,False
INV000178,4500000097,VEND020,2025-05-30,1141000,VEND020-202505-1267,2025-06-03,2025-08-02,Paid,Matched,False,False
INV000179,4500000410,VEND002,2025-05-29,1522000,VEND002-202505-8569,2025-06-04,,Open,Matched,False,False
INV000190,4500000084,VEND035,2025-06-03,390000,VEND035-202506-7313,2025-06-04,2025-07-20,Paid,Matched,False,False
INV000171,4500000062,VEND019,2025-06-03,198000,VEND019-202506-7867,2025-06-05,2025-07-19,Paid,Matched,False,False
INV000191,4500000357,VEND005,2025-06-03,793000,VEND005-202506-9078,2025-06-06,2025-08-26,Paid,Matched,False,False
INV000201,4500000430,VEND028,2025-06-03,417000,VEND028-202506-5346,2025-06-06,2025-09-01,Paid,Matched,False,False
INV000160,4500000214,VEND043,2025-06-04,76000,VEND043-202506-8524,2025-06-09,2025-09-03,Paid,Matched,False,False
INV000176,4500000169,VEND011,2025-06-09,514000,VEND011-202506-2063,2025-06-09,2025-09-04,Paid,Matched,False,False
INV000559,4500000154,VEND009,2025-06-03,524000,VEND009-202506-8422,2025-06-09,2025-08-31,Paid,Price Variance,False,False
INV000205,4500000445,VEND015,2025-06-06,693000,VEND015-202506-6546,2025-06-12,2025-08-17,Paid,Matched,False,False
INV000172,4500000021,VEND001,2025-06-13,771000,VEND001-202506-6150,2025-06-13,2025-09-10,Paid,Price Variance,False,False
INV000186,4500000113,VEND030,2025-06-12,1301000,VEND030-202506-4220,2025-06-13,2025-09-05,Paid,Matched,False,False
INV000182,4500000017,VEND012,2025-06-11,444000,VEND012-202506-7337,2025-06-16,,Open,Matched,False,False
INV000198,4500000283,VEND010,2025-06-10,819000,VEND010-202506-5096,2025-06-16,2025-09-11,Paid,Matched,False,False
INV000590,4500000430,VEND028,2025-06-12,417000,VEND028-202506-5346-DUP,2025-06-16,,Open,Matched,True,False
INV000196,4500000369,VEND003,2025-06-11,108000,VEND003-202506-6853,2025-06-17,2025-09-14,Paid,Matched,False,False
INV000183,4500000018,VEND012,2025-06-16,251000,VEND012-202506-5984,2025-06-18,2025-07-27,Paid,Matched,False,False
INV000212,4500000259,VEND028,2025-06-16,1174000,VEND028-202506-4501,2025-06-19,,Open,Matched,False,False
INV000503,4500000171,VEND038,2025-06-19,775000,VEND038-202506-6567,2025-06-19,,Open,Price Variance,False,True
INV000210,4500000251,VEND039,2025-06-16,1061000,VEND039-202506-6984,2025-06-20,,Open,Matched,False,False
INV000193,4500000091,VEND025,2025-06-20,480000,VEND025-202506-8702,2025-06-23,,Blocked,Matched,False,False
INV000195,4500000012,VEND021,2025-06-17,289000,VEND021-202506-1504,2025-06-23,2025-08-06,Paid,Matched,False,False
INV000197,4500000183,VEND002,2025-06-19,1353000,VEND002-202506-2623,2025-06-23,2025-08-27,Paid,Matched,False,False
INV000204,4500000408,VEND040,2025-06-23,1097000,VEND040-202506-6873,2025-06-23,2025-08-30,Paid,Matched,False,False
INV000506,4500000430,VEND028,2025-06-20,514000,VEND028-202506-7132,2025-06-23,2025-09-12,Paid,Price Variance,False,True
INV000533,,VEND017,2025-06-19,161000,VEND017-202506-6021,2025-06-23,2025-08-24,Paid,No PO,False,True
INV000185,4500000235,VEND044,2025-06-23,977000,VEND044-202506-6292,2025-06-24,2025-08-02,Paid,Matched,False,False
INV000188,4500000126,VEND040,2025-06-25,976000,VEND040-202506-1204,2025-06-25,2025-08-28,Paid,Matched,False,False
INV000194,4500000011,VEND021,2025-06-24,283000,VEND021-202506-7230,2025-06-25,2025-08-06,Paid,Matched,False,False
INV000199,4500000171,VEND038,2025-06-25,614000,VEND038-202506-7239,2025-06-25,2025-08-29,Paid,Matched,False,False
INV000202,4500000282,VEND036,2025-06-24,207000,VEND036-202506-7781,2025-06-25,2025-08-07,Paid,Matched,False,False
INV000206,4500000051,VEND020,2025-06-24,985000,VEND020-202506-4290,2025-06-25,2025-08-25,Paid,Matched,False,False
INV000214,4500000249,VEND019,2025-06-23,986000,VEND019-202506-3956,2025-06-26,2025-08-12,Paid,Matched,False,False
INV000217,4500000164,VEND027,2025-06-25,978000,VEND027-202506-9614,2025-06-26,,Blocked,Matched,False,False
INV000570,4500000004,VEND001,2025-06-20,159000,VEND001-202506-7024,2025-06-26,2025-09-17,Paid,Quantity Variance,False,False
INV000184,4500000150,VEND037,2025-06-23,1404000,VEND037-202506-1082,2025-06-27,2025-08-05,Paid,Matched,False,False
INV000203,4500000257,VEND012,2025-06-25,445000,VEND012-202506-8694,2025-06-27,2025-08-09,Paid,Matched,False,False
INV000189,4500000274,VEND035,2025-06-26,490000,VEND035-202506-7820,2025-07-01,2025-08-13,Paid,Matched,False,False
INV000192,4500000061,VEND009,2025-06-27,417000,VEND009-202506-3181,2025-07-01,2025-09-20,Paid,Matched,False,False
INV000208,4500000237,VEND023,2025-06-25,362000,VEND023-202506-5461,2025-07-01,2025-09-23,Paid,Matched,False,False
INV000207,4500000191,VEND021,2025-06-26,698000,VEND021-202506-8109,2025-07-02,2025-08-11,Paid,Matched,False,False
INV000220,4500000035,VEND013,2025-07-02,704000,VEND013-202507-1848,2025-07-02,,Open,Matched,False,False
INV000221,4500000105,VEND024,2025-06-27,861000,VEND024-202506-9575,2025-07-02,2025-09-05,Paid,Matched,False,False
INV000545,4500000097,VEND020,2025-07-01,764000,VEND020-202507-9166,2025-07-02,2025-09-01,Paid,Matched,False,False
INV000209,4500000024,VEND010,2025-07-01,856000,VEND010-202507-6077,2025-07-03,2025-09-27,Paid,Matched,False,False
INV000215,4500000318,VEND007,2025-06-30,579000,VEND007-202506-6461,2025-07-03,2025-08-18,Paid,Matched,False,False
INV000222,4500000111,VEND043,2025-07-07,774000,VEND043-202507-8511,2025-07-07,2025-10-02,Paid,Matched,False,False
INV000232,4500000317,VEND002,2025-07-03,596000,VEND002-202507-4810,2025-07-07,2025-09-09,Paid,Matched,False,False
INV000200,4500000200,VEND013,2025-07-03,1254000,VEND013-202507-7557,2025-07-08,2025-08-16,Paid,Matched,False,False
INV000224,4500000117,VEND021,2025-07-04,178000,VEND021-202507-1419,2025-07-08,2025-08-17,Paid,Matched,False,False
INV000566,4500000183,VEND002,2025-07-04,883000,VEND002-202507-7616,2025-07-08,2025-09-07,Paid,Matched,False,False
INV000223,4500000088,VEND033,2025-07-08,1218000,VEND033-202507-2258,2025-07-09,,Open,Matched,False,False
INV000225,4500000391,VEND029,2025-07-09,1337000,VEND029-202507-6702,2025-07-09,,Open,Matched,False,False
INV000226,4500000209,VEND017,2025-07-08,611000,VEND017-202507-3931,2025-07-09,2025-09-11,Paid,Matched,False,False
INV000599,4500000150,VEND037,2025-07-05,1404000,VEND037-202506-1082-DUP,2025-07-09,2025-08-21,Paid,Matched,True,False
INV000216,4500000421,VEND038,2025-07-04,122000,VEND038-202507-2966,2025-07-10,2025-09-10,Paid,Matched,False,False
INV000234,4500000089,VEND033,2025-07-08,1308000,VEND033-202507-3485,2025-07-11,2025-10-02,Paid,Matched,False,False
INV000527,,VEND019,2025-07-07,573000,VEND019-202507-5247,2025-07-11,2025-08-20,Paid,No PO,False,True
INV000227,4500000432,VEND004,2025-07-09,1325000,VEND004-202507-5339,2025-07-14,2025-09-14,Paid,Quantity Variance,False,False
INV000230,4500000425,VEND043,2025-07-14,426000,VEND043-202507-9755,2025-07-14,,Open,Matched,False,False
INV000591,4500000200,VEND013,2025-07-13,1254000,VEND013-202507-7557-DUP,2025-07-14,,Open,Matched,True,False
INV000211,4500000082,VEND017,2025-07-14,1315000,VEND017-202507-1444,2025-07-16,,Open,Matched,False,False
INV000237,4500000308,VEND022,2025-07-16,1226000,VEND022-202507-4055,2025-07-16,2025-10-05,Paid,Matched,False,False
INV000241,4500000143,VEND019,2025-07-10,1171000,VEND019-202507-7964,2025-07-16,,Open,Matched,False,False
INV000249,4500000178,VEND040,2025-07-16,1071000,VEND040-202507-6972,2025-07-16,2025-09-15,Paid,Matched,False,False
INV000219,4500000157,VEND037,2025-07-15,137000,VEND037-202507-8699,2025-07-17,,Open,Price Variance,False,False
INV000236,4500000027,VEND033,2025-07-11,975000,VEND033-202507-7820,2025-07-17,2025-10-10,Paid,Matched,False,False
INV000213,4500000230,VEND015,2025-07-15,558000,VEND015-202507-3585,2025-07-21,2025-09-24,Paid,Matched,False,False
INV000245,4500000263,VEND026,2025-07-16,1555000,VEND026-202507-9164,2025-07-21,,Open,Matched,False,False
INV000244,4500000129,VEND019,2025-07-17,969000,VEND019-202507-2394,2025-07-22,,Open,Matched,False,False
INV000218,4500000173,VEND044,2025-07-17,987000,VEND044-202507-4917,2025-07-23,2025-09-07,Paid,Matched,False,False
INV000238,4500000352,VEND004,2025-07-21,304000,VEND004-202507-4581,2025-07-23,2025-09-27,Paid,Matched,False,False
INV000239,4500000362,VEND002,2025-07-18,129000,VEND002-202507-4661,2025-07-24,2025-09-23,Paid,Matched,False,False
INV000246,4500000429,VEND026,2025-07-24,456000,VEND026-202507-1666,2025-07-24,2025-09-09,Paid,Matched,False,False
INV000560,4500000251,VEND039,2025-07-23,509000,VEND039-202507-1393,2025-07-24,2025-09-23,Paid,Quantity Variance,False,False
INV000233,4500000161,VEND031,2025-07-21,454000,VEND031-202507-5015,2025-07-25,,Open,Matched,False,False
INV000228,4500000476,VEND001,2025-07-24,1036000,VEND001-202507-3899,2025-07-28,,Open,Matched,False,False
INV000255,4500000415,VEND001,2025-07-23,621000,VEND001-202507-6425,2025-07-28,2025-10-17,Paid,Matched,False,False
INV000229,4500000394,VEND045,2025-07-29,1289000,VEND045-202507-8980,2025-07-30,,Open,Matched,False,False
INV000243,4500000245,VEND015,2025-07-28,965000,VEND015-202507-9238,2025-08-01,2025-10-03,Paid,Matched,False,False
INV000251,4500000243,VEND001,2025-07-29,513000,VEND001-202507-6325,2025-08-01,,Blocked,Matched,False,False
INV000231,4500000250,VEND031,2025-07-31,1483000,VEND031-202507-4530,2025-08-04,2025-10-07,Paid,Matched,False,False
INV000247,4500000482,VEND014,2025-08-01,890000,VEND014-202508-3470,2025-08-04,2025-10-25,Paid,Matched,False,False
INV000248,4500000140,VEND008,2025-07-31,747000,VEND008-202507-2401,2025-08-04,,Open,Matched,False,False
INV000550,4500000362,VEND002,2025-07-31,68000,VEND002-202507-1789,2025-08-04,2025-10-05,Paid,Matched,False,False
INV000240,4500000301,VEND030,2025-08-01,118000,VEND030-202508-5863,2025-08-06,2025-10-27,Paid,Price Variance,False,False
INV000242,4500000337,VEND036,2025-08-04,738000,VEND036-202508-7364,2025-08-06,,Open,Matched,False,False
INV000261,4500000124,VEND011,2025-08-05,1280000,VEND011-202508-3897,2025-08-06,,Open,Matched,False,False
INV000265,4500000095,VEND004,2025-08-04,52000,VEND004-202508-2774,2025-08-06,2025-10-09,Paid,Matched,False,False
INV000235,4500000138,VEND043,2025-08-01,210000,VEND043-202508-9530,2025-08-07,2025-10-28,Paid,Matched,False,False
INV000259,4500000490,VEND031,2025-08-04,762000,VEND031-202508-6458,2025-08-07,2025-10-10,Paid,Matched,False,False
INV000277,4500000197,VEND008,2025-08-05,862000,VEND008-202508-8255,2025-08-07,2025-10-12,Paid,Matched,False,False
INV000281,4500000120,VEND029,2025-08-08,1230000,VEND029-202508-8770,2025-08-08,,Open,Matched,False,False
INV000569,4500000421,VEND038,2025-08-07,56000,VEND038-202508-6375,2025-08-08,2025-10-10,Paid,Matched,False,False
INV000257,4500000494,VEND025,2025-08-05,566000,VEND025-202508-9197,2025-08-11,,Open,Matched,False,False
INV000262,4500000306,VEND025,2025-08-07,784000,VEND025-202508-3392,2025-08-12,2025-10-12,Paid,Price Variance,False,False
INV000264,4500000464,VEND012,2025-08-08,1293000,VEND012-202508-4440,2025-08-12,2025-09-20,Paid,Matched,False,False
INV000269,4500000413,VEND004,2025-08-07,1110000,VEND004-202508-7658,2025-08-12,2025-10-16,Paid,Quantity Variance,False,False
INV000252,4500000499,VEND035,2025-08-13,1264000,VEND035-202508-5519,2025-08-13,2025-09-24,Paid,Matched,False,False
INV000256,4500000341,VEND040,2025-08-11,1412000,VEND040-202508-3462,2025-08-13,2025-10-15,Paid,Quantity Variance,False,False
INV000289,4500000495,VEND009,2025-08-08,597000,VEND009-202508-8409,2025-08-13,2025-11-03,Paid,Quantity Variance,False,False
INV000290,4500000132,VEND027,2025-08-13,1384000,VEND027-202508-3779,2025-08-13,,Blocked,Matched,False,False
INV000291,4500000459,VEND028,2025-08-12,102000,VEND028-202508-2552,2025-08-13,,Open,Matched,False,False
INV000540,4500000143,VEND019,2025-08-08,439000,VEND019-202508-3782,2025-08-13,,Open,Matched,False,False
INV000260,4500000115,VEND023,2025-08-12,220000,VEND023-202508-3459,2025-08-14,2025-11-03,Paid,Matched,False,False
INV000267,4500000205,VEND032,2025-08-12,134000,VEND032-202508-8207,2025-08-14,,Open,Price Variance,False,False
INV000274,4500000285,VEND004,2025-08-13,923000,VEND004-202508-3522,2025-08-14,,Open,Matched,False,False
INV000517,4500000429,VEND026,2025-08-11,551000,VEND026-202508-4854,2025-08-14,2025-09-29,Paid,Price Variance,False,True
INV000250,4500000116,VEND041,2025-08-14,383000,VEND041-202508-6529,2025-08-15,2025-11-07,Paid,Matched,False,False
INV000275,4500000106,VEND025,2025-08-11,1314000,VEND025-202508-8986,2025-08-15,2025-10-21,Paid,Quantity Variance,False,False
INV000279,4500000311,VEND033,2025-08-13,1535000,VEND033-202508-8590,2025-08-15,2025-11-07,Paid,Matched,False,False
INV000529,,VEND031,2025-08-16,855000,VEND031-202508-9272,2025-08-16,2025-10-15,Paid,No PO,False,True
INV000258,4500000396,VEND015,2025-08-13,80000,VEND015-202508-8951,2025-08-18,2025-10-25,Paid,Matched,False,False
INV000287,4500000393,VEND043,2025-08-14,303000,VEND043-202508-6691,2025-08-18,2025-11-11,Paid,Matched,False,False
INV000297,4500000070,VEND021,2025-08-18,94000,VEND021-202508-9386,2025-08-18,2025-10-04,Paid,Matched,False,False
INV000303,4500000365,VEND038,2025-08-15,340000,VEND038-202508-4276,2025-08-18,2025-10-18,Paid,Matched,False,False
INV000254,4500000300,VEND006,2025-08-18,1100000,VEND006-202508-6776,2025-08-19,2025-10-20,Paid,Matched,False,False
INV000266,4500000102,VEND040,2025-08-18,1438000,VEND040-202508-7303,2025-08-19,,Open,Matched,False,False
INV000282,4500000198,VEND004,2025-08-14,484000,VEND004-202508-2572,2025-08-19,2025-10-24,Paid,Matched,False,False
INV000577,4500000337,VEND036,2025-08-14,738000,VEND036-202508-7364-DUP,2025-08-19,2025-10-05,Paid,Matched,True,False
INV000305,4500000057,VEND008,2025-08-20,1332000,VEND008-202508-7059,2025-08-20,2025-10-22,Paid,Matched,False,False
INV000253,4500000156,VEND036,2025-08-15,1487000,VEND036-202508-9312,2025-08-21,2025-10-05,Paid,Matched,False,False
INV000295,4500000463,VEND024,2025-08-20,930000,VEND024-202508-8959,2025-08-21,2025-10-25,Paid,Matched,False,False
INV000268,4500000384,VEND002,2025-08-19,586000,VEND002-202508-4421,2025-08-22,2025-10-22,Paid,Matched,False,False
INV000273,4500000309,VEND014,2025-08-18,1220000,VEND014-202508-5773,2025-08-22,2025-11-19,Paid,Price Variance,False,False
INV000278,4500000034,VEND009,2025-08-18,596000,VEND009-202508-3858,2025-08-22,,Blocked,Matched,False,False
INV000518,4500000311,VEND033,2025-08-19,1682000,VEND033-202508-1754,2025-08-22,,Blocked,Price Variance,False,True
INV000263,4500000436,VEND032,2025-08-20,1649000,VEND032-202508-2207,2025-08-25,,Open,Matched,False,False
INV000270,4500000033,VEND031,2025-08-25,1193000,VEND031-202508-1668,2025-08-25,2025-11-01,Paid,Matched,False,False
INV000294,4500000284,VEND027,2025-08-19,428000,VEND027-202508-2223,2025-08-25,2025-11-16,Paid,Matched,False,False
INV000568,4500000459,VEND028,2025-08-22,68000,VEND028-202508-9122,2025-08-25,2025-11-15,Paid,Matched,False,False
INV000301,4500000016,VEND032,2025-08-20,276000,VEND032-202508-1537,2025-08-26,2025-11-21,Paid,Matched,False,False
INV000538,4500000102,VEND040,2025-08-26,782000,VEND040-202508-1299,2025-08-26,2025-10-26,Paid,Matched,False,False
INV000556,4500000492,VEND038,2025-08-26,89000,VEND038-202508-8488,2025-08-26,2025-10-26,Paid,Matched,False,False
INV000280,4500000100,VEND020,2025-08-25,493000,VEND020-202508-1090,2025-08-27,2025-10-27,Paid,Matched,False,False
INV000286,4500000277,VEND031,2025-08-26,946000,VEND031-202508-5791,2025-08-27,2025-11-02,Paid,Matched,False,False
INV000288,4500000441,VEND036,2025-08-21,856000,VEND036-202508-6524,2025-08-27,,Open,Quantity Variance,False,False
INV000293,4500000023,VEND025,2025-08-26,612000,VEND025-202508-5193,2025-08-27,2025-11-02,Paid,Matched,False,False
INV000553,4500000499,VEND035,2025-08-26,687000,VEND035-202508-6384,2025-08-27,2025-10-11,Paid,Matched,False,False
INV000272,4500000348,VEND015,2025-08-25,1003000,VEND015-202508-6463,2025-08-28,,Open,Matched,False,False
INV000285,4500000244,VEND012,2025-08-26,997000,VEND012-202508-3308,2025-08-28,2025-10-10,Paid,Matched,False,False
INV000299,4500000492,VEND038,2025-08-25,144000,VEND038-202508-5521,2025-08-28,,Open,Matched,False,False
INV000579,4500000413,VEND004,2025-08-24,1110000,VEND004-202508-7658-DUP,2025-08-28,2025-11-04,Paid,Matched,True,False
INV000271,4500000031,VEND040,2025-08-28,1175000,VEND040-202508-3707,2025-08-29,2025-11-03,Paid,Matched,False,False
INV000284,4500000137,VEND041,2025-08-26,505000,VEND041-202508-3796,2025-08-29,2025-11-18,Paid,Matched,False,False
INV000300,4500000015,VEND032,2025-08-26,333000,VEND032-202508-1534,2025-08-29,2025-11-18,Paid,Matched,False,False
INV000312,4500000026,VEND015,2025-08-25,1055000,VEND015-202508-6870,2025-08-29,2025-11-04,Paid,Matched,False,False
INV000276,4500000030,VEND032,2025-08-27,706000,VEND032-202508-2735,2025-09-01,,Blocked,Price Variance,False,False
INV000585,4500000198,VEND004,2025-08-31,484000,VEND004-202508-2572-DUP,2025-09-02,2025-11-07,Paid,Matched,True,False
INV000320,4500000382,VEND027,2025-09-01,451000,VEND027-202509-8700,2025-09-03,2025-11-28,Paid,Matched,False,False
INV000328,4500000076,VEND001,2025-09-03,117000,VEND001-202509-6216,2025-09-04,2025-11-27,Paid,Matched,False,False
INV000283,4500000390,VEND023,2025-09-01,1239000,VEND023-202509-6257,2025-09-05,2025-11-28,Paid,Matched,False,False
INV000298,4500000485,VEND026,2025-09-05,280000,VEND026-202509-4144,2025-09-05,2025-10-14,Paid,Matched,False,False
INV000316,4500000316,VEND009,2025-09-03,1206000,VEND009-202509-7279,2025-09-05,,Open,Matched,False,False
INV000555,4500000441,VEND036,2025-09-04,331000,VEND036-202509-7336,2025-09-05,2025-10-16,Paid,Matched,False,False
INV000306,4500000071,VEND019,2025-09-05,1579000,VEND019-202509-4971,2025-09-08,,Open,Matched,False,False
INV000317,4500000360,VEND004,2025-09-03,1353000,VEND004-202509-7722,2025-09-08,2025-11-07,Paid,Matched,False,False
INV000292,4500000083,VEND036,2025-09-09,167000,VEND036-202509-7923,2025-09-09,2025-10-18,Paid,Matched,False,False
INV000311,4500000086,VEND038,2025-09-04,1133000,VEND038-202509-6343,2025-09-09,2025-11-15,Paid,Matched,False,False
INV000522,,VEND048,2025-09-05,409000,VEND048-202509-7081,2025-09-09,2025-11-30,Paid,No PO,False,True
INV000318,4500000019,VEND020,2025-09-04,415000,VEND020-202509-4029,2025-09-10,2025-11-09,Paid,Matched,False,False
INV000323,4500000344,VEND004,2025-09-05,1000000,VEND004-202509-5654,2025-09-10,2025-11-11,Paid,Matched,False,False
INV000296,4500000470,VEND025,2025-09-08,955000,VEND025-202509-3586,2025-09-11,2025-11-13,Paid,Matched,False,False
INV000304,4500000376,VEND017,2025-09-05,1441000,VEND017-202509-2417,2025-09-11,,Open,Matched,False,False
INV000309,4500000072,VEND025,2025-09-09,942000,VEND025-202509-7651,2025-09-11,,Open,Matched,False,False
INV000315,4500000159,VEND010,2025-09-08,536000,VEND010-202509-6133,2025-09-11,2025-12-05,Paid,Matched,False,False
INV000325,4500000258,VEND024,2025-09-10,931000,VEND024-202509-9513,2025-09-11,2025-11-11,Paid,Matched,False,False
INV000335,4500000130,VEND014,2025-09-08,119000,VEND014-202509-3162,2025-09-11,2025-12-06,Paid,Matched,False,False
INV000340,4500000087,VEND036,2025-09-09,57000,VEND036-202509-6399,2025-09-11,2025-10-25,Paid,Matched,False,False
INV000582,4500000083,VEND036,2025-09-10,167000,VEND036-202509-7923-DUP,2025-09-11,2025-10-27,Paid,Matched,True,False
INV000308,4500000438,VEND027,2025-09-12,1176000,VEND027-202509-7279,2025-09-12,2025-12-09,Paid,Matched,False,False
INV000310,4500000238,VEND032,2025-09-09,1506000,VEND032-202509-6845,2025-09-15,2025-12-05,Paid,Matched,False,False
INV000314,4500000354,VEND025,2025-09-12,318000,VEND025-202509-8206,2025-09-15,,Open,Matched,False,False
INV000344,4500000302,VEND040,2025-09-11,1164000,VEND040-202509-6785,2025-09-15,2025-11-15,Paid,Matched,False,False
INV000561,4500000470,VEND025,2025-09-15,541000,VEND025-202509-1258,2025-09-15,2025-11-17,Paid,Price Variance,False,False
INV000302,4500000452,VEND042,2025-09-12,1619000,VEND042-202509-4289,2025-09-16,2025-10-27,Paid,Quantity Variance,False,False
INV000313,4500000290,VEND022,2025-09-10,809000,VEND022-202509-1212,2025-09-16,,Open,Matched,False,False
INV000342,4500000305,VEND016,2025-09-11,1012000,VEND016-202509-5395,2025-09-17,2025-11-02,Paid,Matched,False,False
INV000307,4500000375,VEND015,2025-09-18,1054000,VEND015-202509-3472,2025-09-18,,Open,Matched,False,False
INV000324,4500000437,VEND002,2025-09-18,1136000,VEND002-202509-7734,2025-09-18,2025-11-21,Paid,Matched,False,False
INV000327,4500000454,VEND012,2025-09-18,164000,VEND012-202509-5705,2025-09-18,2025-10-27,Paid,Matched,False,False
INV000334,4500000467,VEND040,2025-09-16,1163000,VEND040-202509-4416,2025-09-18,2025-11-21,Paid,Matched,False,False
INV000341,4500000242,VEND006,2025-09-17,661000,VEND006-202509-1821,2025-09-18,,Blocked,Matched,False,False
INV000547,4500000076,VEND001,2025-09-18,82000,VEND001-202509-5337,2025-09-18,2025-12-12,Paid,Matched,False,False
INV000508,4500000083,VEND036,2025-09-19,180000,VEND036-202509-6759,2025-09-19,2025-11-05,Paid,Price Variance,False,True
INV000319,4500000020,VEND020,2025-09-19,318000,VEND020-202509-3721,2025-09-22,2025-11-24,Paid,Quantity Variance,False,False
INV000331,4500000332,VEND036,2025-09-22,1264000,VEND036-202509-9268,2025-09-22,2025-10-31,Paid,Matched,False,False
INV000558,4500000456,VEND007,2025-09-22,63000,VEND007-202509-6200,2025-09-22,2025-11-02,Paid,Matched,False,False
INV000330,4500000319,VEND024,2025-09-17,603000,VEND024-202509-8676,2025-09-23,2025-11-25,Paid,Matched,False,False
INV000353,4500000109,VEND029,2025-09-22,1624000,VEND029-202509-9653,2025-09-23,,Blocked,Matched,False,False
INV000337,4500000407,VEND042,2025-09-23,128000,VEND042-202509-5985,2025-09-24,2025-11-04,Paid,Matched,False,False
INV000346,4500000374,VEND020,2025-09-23,1209000,VEND020-202509-9409,2025-09-25,2025-11-28,Paid,Matched,False,False
INV000347,4500000093,VEND044,2025-09-19,1250000,VEND044-202509-9243,2025-09-25,2025-11-08,Paid,Quantity Variance,False,False
INV000322,4500000456,VEND007,2025-09-25,254000,VEND007-202509-1371,2025-09-26,2025-11-08,Paid,Matched,False,False
INV000329,4500000177,VEND023,2025-09-23,812000,VEND023-202509-7065,2025-09-29,2025-12-19,Paid,Matched,False,False
INV000348,4500000215,VEND042,2025-09-25,1104000,VEND042-202509-3342,2025-09-29,2025-11-11,Paid,Matched,False,False
INV000354,4500000236,VEND042,2025-09-24,1286000,VEND042-202509-6442,2025-09-29,2025-11-12,Paid,Matched,False,False
INV000326,4500000416,VEND013,2025-09-30,180000,VEND013-202509-6942,2025-09-30,2025-11-14,Paid,Matched,False,False
INV000336,4500000498,VEND017,2025-09-29,845000,VEND017-202509-3156,2025-10-01,2025-12-02,Paid,Matched,False,False
INV000321,4500000402,VEND029,2025-09-26,535000,VEND029-202509-5867,2025-10-02,,Open,Matched,False,False
INV000332,4500000373,VEND044,2025-10-01,1235000,VEND044-202510-9484,2025-10-02,2025-11-17,Paid,Matched,False,False
INV000351,4500000491,VEND019,2025-10-01,1113000,VEND019-202510-4295,2025-10-02,2025-11-15,Paid,Price Variance,False,False
INV000362,4500000273,VEND015,2025-10-01,1245000,VEND015-202510-2867,2025-10-03,2025-12-04,Paid,Matched,False,False
INV000345,4500000304,VEND020,2025-09-30,1393000,VEND020-202509-7848,2025-10-06,2025-12-08,Paid,Matched,False,False
INV000333,4500000403,VEND030,2025-10-01,1086000,VEND030-202510-4686,2025-10-07,,Open,Matched,False,False
INV000360,4500000465,VEND004,2025-10-07,243000,VEND004-202510-6901,2025-10-07,2025-12-08,Paid,Matched,False,False
INV000359,4500000162,VEND025,2025-10-03,803000,VEND025-202510-6013,2025-10-08,2025-12-10,Paid,Matched,False,False
INV000501,4500000258,VEND024,2025-10-02,1149000,VEND024-202510-2194,2025-10-08,,Open,Price Variance,False,True
INV000338,4500000477,VEND030,2025-10-07,689000,VEND030-202510-3465,2025-10-09,2026-01-06,Paid,Matched,False,False
INV000343,4500000240,VEND042,2025-10-07,493000,VEND042-202510-9377,2025-10-10,,Open,Price Variance,False,False
INV000367,4500000133,VEND002,2025-10-08,480000,VEND002-202510-4491,2025-10-10,2025-12-13,Paid,Matched,False,False
INV000339,4500000192,VEND015,2025-10-07,979000,VEND015-202510-3057,2025-10-13,,Open,Matched,False,False
INV000352,4500000081,VEND004,2025-10-09,409000,VEND004-202510-3178,2025-10-13,,Blocked,Price Variance,False,False
INV000357,4500000363,VEND022,2025-10-13,1333000,VEND022-202510-8915,2025-10-13,,Blocked,Matched,False,False
INV000509,4500000360,VEND004,2025-10-07,1460000,VEND004-202510-2436,2025-10-13,2025-12-13,Paid,Price Variance,False,True
INV000549,4500000016,VEND032,2025-10-10,159000,VEND032-202510-9900,2025-10-13,2026-01-09,Paid,Matched,False,False
INV000364,4500000064,VEND043,2025-10-13,1071000,VEND043-202510-6317,2025-10-14,2026-01-04,Paid,Matched,False,False
INV000380,4500000307,VEND023,2025-10-09,1012000,VEND023-202510-4239,2025-10-14,,Open,Matched,False,False
INV000516,4500000162,VEND025,2025-10-08,1005000,VEND025-202510-4823,2025-10-14,2025-12-15,Paid,Price Variance,False,True
INV000552,4500000273,VEND015,2025-10-13,869000,VEND015-202510-9554,2025-10-14,,Open,Matched,False,False
INV000371,4500000224,VEND025,2025-10-14,998000,VEND025-202510-2017,2025-10-15,2025-12-20,Paid,Matched,False,False
INV000387,4500000478,VEND026,2025-10-15,1417000,VEND026-202510-5211,2025-10-15,2025-11-26,Paid,Matched,False,False
INV000349,4500000066,VEND012,2025-10-13,1185000,VEND012-202510-5160,2025-10-16,,Open,Matched,False,False
INV000350,4500000312,VEND020,2025-10-14,1521000,VEND020-202510-7588,2025-10-16,2025-12-23,Paid,Matched,False,False
INV000358,4500000122,VEND030,2025-10-10,204000,VEND030-202510-2606,2025-10-16,2026-01-07,Paid,Matched,False,False
INV000366,4500000326,VEND001,2025-10-13,722000,VEND001-202510-4925,2025-10-16,2026-01-07,Paid,Matched,False,False
INV000385,4500000050,VEND030,2025-10-13,474000,VEND030-202510-2533,2025-10-16,2026-01-13,Paid,Matched,False,False
INV000386,4500000440,VEND003,2025-10-14,139000,VEND003-202510-3553,2025-10-16,2026-01-11,Paid,Matched,False,False
INV000355,4500000287,VEND008,2025-10-17,1230000,VEND008-202510-5525,2025-10-17,2025-12-17,Paid,Matched,False,False
INV000361,4500000347,VEND030,2025-10-16,717000,VEND030-202510-9229,2025-10-17,2026-01-07,Paid,Matched,False,False
INV000363,4500000248,VEND036,2025-10-15,141000,VEND036-202510-2836,2025-10-17,2025-11-25,Paid,Matched,False,False
INV000384,4500000392,VEND031,2025-10-13,1242000,VEND031-202510-4383,2025-10-17,2025-12-20,Paid,Matched,False,False
INV000390,4500000292,VEND037,2025-10-16,246000,VEND037-202510-2773,2025-10-20,2025-12-04,Paid,Matched,False,False
INV000593,4500000240,VEND042,2025-10-18,493000,VEND042-202510-9377-DUP,2025-10-21,2025-11-29,Paid,Matched,True,False
INV000535,,VEND032,2025-10-20,657000,VEND032-202510-1183,2025-10-22,2026-01-18,Paid,No PO,False,True
INV000356,4500000221,VEND013,2025-10-22,129000,VEND013-202510-9136,2025-10-23,2025-12-09,Paid,Matched,False,False
INV000365,4500000104,VEND037,2025-10-17,404000,VEND037-202510-3758,2025-10-23,2025-12-04,Paid,Matched,False,False
INV000368,4500000229,VEND015,2025-10-23,580000,VEND015-202510-5088,2025-10-24,2025-12-29,Paid,Matched,False,False
INV000374,4500000256,VEND021,2025-10-22,1468000,VEND021-202510-7462,2025-10-24,,Open,Matched,False,False
INV000381,4500000181,VEND044,2025-10-21,1361000,VEND044-202510-3750,2025-10-24,2025-12-09,Paid,Matched,False,False
INV000372,4500000119,VEND023,2025-10-21,553000,VEND023-202510-3230,2025-10-27,2026-01-20,Paid,Matched,False,False
INV000379,4500000152,VEND001,2025-10-21,1342000,VEND001-202510-1500,2025-10-27,2026-01-17,Paid,Matched,False,False
INV000514,4500000122,VEND030,2025-10-21,227000,VEND030-202510-5647,2025-10-27,2026-01-24,Paid,Price Variance,False,True
INV000373,4500000208,VEND041,2025-10-24,346000,VEND041-202510-6307,2025-10-28,2026-01-21,Paid,Matched,False,False
INV000391,4500000327,VEND001,2025-10-27,1394000,VEND001-202510-6256,2025-10-28,2026-01-24,Paid,Quantity Variance,False,False
INV000525,,VEND013,2025-10-22,377000,VEND013-202510-6089,2025-10-28,2025-12-13,Paid,No PO,False,True
INV000580,4500000256,VEND021,2025-10-27,1468000,VEND021-202510-7462-DUP,2025-10-29,,Open,Matched,True,False
INV000369,4500000442,VEND004,2025-10-30,261000,VEND004-202510-8982,2025-10-30,2026-01-05,Paid,Matched,False,False
INV000375,4500000404,VEND008,2025-10-29,511000,VEND008-202510-9715,2025-10-30,2026-01-05,Paid,Matched,False,False
INV000542,4500000344,VEND004,2025-10-29,712000,VEND004-202510-6489,2025-10-30,2026-01-03,Paid,Matched,False,False
INV000388,4500000158,VEND013,2025-10-27,1152000,VEND013-202510-9528,2025-10-31,2025-12-16,Paid,Matched,False,False
INV000402,4500000043,VEND047,2025-10-30,575000,VEND047-202510-3236,2025-10-31,2025-12-31,Paid,Matched,False,False
INV000376,4500000444,VEND041,2025-10-31,886000,VEND041-202510-5151,2025-11-03,,Blocked,Matched,False,False
INV000392,4500000406,VEND036,2025-10-30,1584000,VEND036-202510-3753,2025-11-03,2025-12-16,Paid,Quantity Variance,False,False
INV000393,4500000039,VEND046,2025-10-29,802000,VEND046-202510-7424,2025-11-03,2026-01-26,Paid,Matched,False,False
INV000394,4500000025,VEND030,2025-10-30,1204000,VEND030-202510-3831,2025-11-03,2026-01-30,Paid,Matched,False,False
INV000399,4500000479,VEND029,2025-10-29,737000,VEND029-202510-9923,2025-11-03,2026-01-29,Paid,Matched,False,False
INV000510,4500000181,VEND044,2025-11-03,1416000,VEND044-202511-5042,2025-11-03,2025-12-19,Paid,Price Variance,False,True
INV000584,4500000043,VEND047,2025-11-01,575000,VEND047-202510-3236-DUP,2025-11-03,2026-01-06,Paid,Matched,True,False
INV000377,4500000446,VEND039,2025-10-31,555000,VEND039-202510-5548,2025-11-04,,Open,Matched,False,False
INV000389,4500000234,VEND001,2025-10-31,1257000,VEND001-202510-5570,2025-11-04,2026-01-27,Paid,Matched,False,False
INV000378,4500000045,VEND049,2025-11-03,241000,VEND049-202511-7846,2025-11-05,2026-01-11,Paid,Matched,False,False
INV000401,4500000329,VEND044,2025-10-30,794000,VEND044-202510-3755,2025-11-05,2025-12-14,Paid,Matched,False,False
INV000410,4500000077,VEND036,2025-11-05,860000,VEND036-202511-2156,2025-11-05,2025-12-14,Paid,Matched,False,False
INV000382,4500000146,VEND042,2025-11-06,164000,VEND042-202511-2244,2025-11-06,2025-12-21,Paid,Matched,False,False
INV000403,4500000185,VEND009,2025-11-03,178000,VEND009-202511-2279,2025-11-06,2026-01-26,Paid,Quantity Variance,False,False
INV000534,,VEND030,2025-11-06,377000,VEND030-202511-5641,2025-11-06,2026-01-26,Paid,No PO,False,True
INV000581,4500000347,VEND030,2025-11-06,717000,VEND030-202510-9229-DUP,2025-11-06,2026-02-03,Paid,Matched,True,False
INV000370,4500000038,VEND049,2025-11-03,854000,VEND049-202511-9315,2025-11-07,2026-01-08,Paid,Matched,False,False
INV000383,4500000268,VEND015,2025-11-03,750000,VEND015-202511-6604,2025-11-07,2026-01-13,Paid,Matched,False,False
INV000412,4500000167,VEND001,2025-11-05,681000,VEND001-202511-6769,2025-11-07,2026-02-03,Paid,Matched,False,False
INV000395,4500000060,VEND027,2025-11-04,228000,VEND027-202511-1571,2025-11-10,,Open,Matched,False,False
INV000406,4500000270,VEND020,2025-11-10,1040000,VEND020-202511-2655,2025-11-10,2026-01-15,Paid,Matched,False,False
INV000408,4500000487,VEND007,2025-11-04,1054000,VEND007-202511-5447,2025-11-10,2025-12-22,Paid,Matched,False,False
INV000413,4500000434,VEND023,2025-11-11,809000,VEND023-202511-9616,2025-11-11,2026-01-31,Paid,Matched,False,False
INV000422,4500000201,VEND010,2025-11-12,637000,VEND010-202511-5160,2025-11-12,2026-02-01,Paid,Matched,False,False
INV000597,4500000039,VEND046,2025-11-08,802000,VEND046-202510-7424-DUP,2025-11-12,,Open,Matched,True,False
INV000405,4500000288,VEND038,2025-11-12,1136000,VEND038-202511-7727,2025-11-13,2026-01-16,Paid,Matched,False,False
INV000409,4500000336,VEND024,2025-11-11,753000,VEND024-202511-8525,2025-11-13,2026-01-15,Paid,Matched,False,False
INV000396,4500000187,VEND045,2025-11-11,421000,VEND045-202511-6595,2025-11-14,2026-01-18,Paid,Matched,False,False
INV000400,4500000153,VEND004,2025-11-10,1196000,VEND004-202511-5531,2025-11-14,,Open,Matched,False,False
INV000415,4500000042,VEND048,2025-11-14,792000,VEND048-202511-4473,2025-11-17,2026-02-08,Paid,Matched,False,False
INV000428,4500000216,VEND008,2025-11-17,556000,VEND008-202511-6941,2025-11-17,2026-01-22,Paid,Matched,False,False
INV000435,4500000322,VEND035,2025-11-14,149000,VEND035-202511-4252,2025-11-17,2025-12-30,Paid,Quantity Variance,False,False
INV000502,4500000479,VEND029,2025-11-11,819000,VEND029-202511-4721,2025-11-17,2026-02-10,Paid,Price Variance,False,True
INV000407,4500000339,VEND033,2025-11-12,999000,VEND033-202511-9228,2025-11-18,2026-02-13,Paid,Matched,False,False
INV000416,4500000338,VEND028,2025-11-18,136000,VEND028-202511-7476,2025-11-19,2026-02-10,Paid,Matched,False,False
INV000397,4500000211,VEND026,2025-11-19,579000,VEND026-202511-8086,2025-11-20,2026-01-03,Paid,Matched,False,False
INV000398,4500000474,VEND016,2025-11-19,771000,VEND016-202511-6014,2025-11-20,2026-01-04,Paid,Price Variance,False,False
INV000442,4500000227,VEND042,2025-11-20,1350000,VEND042-202511-8988,2025-11-21,,Blocked,Matched,False,False
INV000446,4500000103,VEND024,2025-11-21,525000,VEND024-202511-5714,2025-11-21,,Open,Matched,False,False
INV000575,4500000322,VEND035,2025-11-19,149000,VEND035-202511-4252-DUP,2025-11-21,2026-01-02,Paid,Matched,True,False
INV000596,4500000042,VEND048,2025-11-18,792000,VEND048-202511-4473-DUP,2025-11-21,2026-02-10,Paid,Matched,True,False
INV000419,4500000293,VEND041,2025-11-21,129000,VEND041-202511-9514,2025-11-24,2026-02-13,Paid,Matched,False,False
INV000433,4500000443,VEND044,2025-11-24,119000,VEND044-202511-1694,2025-11-24,,Open,Matched,False,False
INV000423,4500000483,VEND017,2025-11-19,786000,VEND017-202511-1947,2025-11-25,2026-01-25,Paid,Matched,False,False
INV000444,4500000073,VEND013,2025-11-21,529000,VEND013-202511-1793,2025-11-25,,Blocked,Matched,False,False
INV000587,4500000406,VEND036,2025-11-23,1584000,VEND036-202510-3753-DUP,2025-11-25,2026-01-11,Paid,Quantity Variance,True,False
INV000404,4500000172,VEND042,2025-11-25,1299000,VEND042-202511-9999,2025-11-26,2026-01-10,Paid,Matched,False,False
INV000453,4500000114,VEND003,2025-11-27,1378000,VEND003-202511-6112,2025-11-28,2026-02-21,Paid,Matched,False,False
INV000417,4500000044,VEND050,2025-12-01,1133000,VEND050-202512-4598,2025-12-01,2026-02-23,Paid,Matched,False,False
INV000426,4500000299,VEND012,2025-11-26,141000,VEND012-202511-5789,2025-12-01,2026-01-15,Paid,Quantity Variance,False,False
INV000431,4500000174,VEND002,2025-11-26,1244000,VEND002-202511-6667,2025-12-01,2026-02-02,Paid,Matched,False,False
INV000515,4500000329,VEND044,2025-11-27,924000,VEND044-202511-9662,2025-12-01,2026-01-10,Paid,Price Variance,False,True
INV000414,4500000036,VEND049,2025-11-27,683000,VEND049-202511-7216,2025-12-02,2026-02-01,Paid,Matched,False,False
INV000421,4500000366,VEND043,2025-11-28,593000,VEND043-202511-7566,2025-12-02,2026-02-23,Paid,Matched,False,False
INV000445,4500000460,VEND021,2025-12-01,1295000,VEND021-202512-9021,2025-12-03,2026-01-16,Paid,Matched,False,False
INV000427,4500000417,VEND023,2025-11-28,720000,VEND023-202511-1883,2025-12-04,2026-03-02,Paid,Matched,False,False
INV000430,4500000303,VEND045,2025-12-04,1141000,VEND045-202512-4389,2025-12-04,2026-02-02,Paid,Matched,False,False
INV000464,4500000170,VEND032,2025-12-03,116000,VEND032-202512-7068,2025-12-04,2026-03-02,Paid,Matched,False,False
INV000411,4500000049,VEND023,2025-12-04,1413000,VEND023-202512-3490,2025-12-05,2026-02-28,Paid,Matched,False,False
INV000420,4500000350,VEND042,2025-12-01,47000,VEND042-202512-1265,2025-12-05,2026-01-16,Paid,Matched,False,False
INV000432,4500000372,VEND020,2025-12-02,1434000,VEND020-202512-3239,2025-12-05,2026-02-09,Paid,Matched,False,False
INV000436,4500000364,VEND009,2025-12-03,311000,VEND009-202512-6957,2025-12-05,2026-03-01,Paid,Matched,False,False
INV000450,4500000252,VEND022,2025-12-01,1528000,VEND022-202512-2329,2025-12-05,,Open,Matched,False,False
INV000425,4500000419,VEND043,2025-12-03,555000,VEND043-202512-2634,2025-12-08,2026-02-28,Paid,Matched,False,False
INV000448,4500000371,VEND006,2025-12-03,1493000,VEND006-202512-3622,2025-12-08,,Open,Matched,False,False
INV000537,4500000207,VEND044,2025-12-04,795000,VEND044-202512-2779,2025-12-08,2026-01-22,Paid,Matched,False,False
INV000434,4500000141,VEND024,2025-12-09,724000,VEND024-202512-9403,2025-12-09,2026-02-15,Paid,Matched,False,False
INV000438,4500000313,VEND005,2025-12-09,158000,VEND005-202512-4777,2025-12-09,2026-03-06,Paid,Matched,False,False
INV000507,4500000253,VEND017,2025-12-05,650000,VEND017-202512-8849,2025-12-09,2026-02-12,Paid,Price Variance,False,True
INV000418,4500000247,VEND020,2025-12-08,1249000,VEND020-202512-6788,2025-12-10,2026-02-10,Paid,Matched,False,False
INV000424,4500000276,VEND006,2025-12-05,244000,VEND006-202512-2162,2025-12-10,2026-02-15,Paid,Matched,False,False
INV000449,4500000145,VEND012,2025-12-10,148000,VEND012-202512-5305,2025-12-10,,Open,Matched,False,False
INV000429,4500000266,VEND008,2025-12-11,1411000,VEND008-202512-4532,2025-12-11,,Open,Quantity Variance,False,False
INV000473,4500000321,VEND017,2025-12-11,814000,VEND017-202512-1819,2025-12-12,2026-02-12,Paid,Matched,False,False
INV000554,4500000366,VEND043,2025-12-09,408000,VEND043-202512-7710,2025-12-12,2026-03-07,Paid,Matched,False,False
INV000440,4500000127,VEND024,2025-12-12,782000,VEND024-202512-9177,2025-12-15,,Open,Matched,False,False
INV000457,4500000377,VEND010,2025-12-09,1473000,VEND010-202512-2578,2025-12-15,2026-03-10,Paid,Matched,False,False
INV000462,4500000160,VEND020,2025-12-12,286000,VEND020-202512-6907,2025-12-15,,Blocked,Matched,False,False
INV000443,4500000022,VEND017,2025-12-15,806000,VEND017-202512-9655,2025-12-16,2026-02-19,Paid,Matched,False,False
INV000451,4500000253,VEND017,2025-12-10,495000,VEND017-202512-9034,2025-12-16,,Open,Quantity Variance,False,False
INV000458,4500000204,VEND040,2025-12-17,894000,VEND040-202512-8632,2025-12-17,2026-02-15,Paid,Matched,False,False
INV000459,4500000395,VEND032,2025-12-15,133000,VEND032-202512-5496,2025-12-17,2026-03-12,Paid,Matched,False,False
INV000460,4500000462,VEND025,2025-12-16,537000,VEND025-202512-9414,2025-12-17,,Open,Matched,False,False
INV000486,4500000422,VEND015,2025-12-15,864000,VEND015-202512-4563,2025-12-17,2026-02-21,Paid,Matched,False,False
INV000557,4500000434,VEND023,2025-12-17,309000,VEND023-202512-5870,2025-12-17,2026-03-14,Paid,Matched,False,False
INV000439,4500000342,VEND024,2025-12-15,632000,VEND024-202512-3483,2025-12-18,2026-02-16,Paid,Matched,False,False
INV000471,4500000217,VEND031,2025-12-15,91000,VEND031-202512-9524,2025-12-18,2026-02-23,Paid,Matched,False,False
INV000480,4500000455,VEND039,2025-12-12,954000,VEND039-202512-5873,2025-12-18,,Open,Price Variance,False,False
INV000481,4500000231,VEND023,2025-12-16,632000,VEND023-202512-5623,2025-12-18,2026-03-09,Paid,Matched,False,False
INV000484,4500000136,VEND029,2025-12-17,535000,VEND029-202512-7513,2025-12-18,2026-03-12,Paid,Matched,False,False
INV000574,4500000371,VEND006,2025-12-14,1493000,VEND006-202512-3622-DUP,2025-12-18,2026-02-21,Paid,Matched,True,False
INV000598,4500000462,VEND025,2025-12-18,537000,VEND025-202512-9414-DUP,2025-12-18,,Open,Matched,True,False
INV000437,4500000260,VEND031,2025-12-15,631000,VEND031-202512-1115,2025-12-19,2026-02-18,Paid,Matched,False,False
INV000447,4500000207,VEND044,2025-12-15,1329000,VEND044-202512-4934,2025-12-19,2026-01-31,Paid,Matched,False,False
INV000461,4500000108,VEND036,2025-12-17,1185000,VEND036-202512-1424,2025-12-19,2026-02-03,Paid,Matched,False,False
INV000482,4500000254,VEND041,2025-12-17,685000,VEND041-202512-1176,2025-12-19,2026-03-16,Paid,Quantity Variance,False,False
INV000441,4500000411,VEND017,2025-12-18,982000,VEND017-202512-2128,2025-12-22,2026-02-28,Paid,Price Variance,False,False
INV000466,4500000340,VEND042,2025-12-18,899000,VEND042-202512-9197,2025-12-22,,Open,Matched,False,False
INV000479,4500000450,VEND022,2025-12-17,864000,VEND022-202512-5427,2025-12-22,2026-03-18,Paid,Matched,False,False
INV000511,4500000204,VEND040,2025-12-19,988000,VEND040-202512-3614,2025-12-22,2026-02-22,Paid,Price Variance,False,True
INV000452,4500000331,VEND043,2025-12-23,660000,VEND043-202512-9718,2025-12-24,2026-03-21,Paid,Matched,False,False
INV000467,4500000448,VEND022,2025-12-18,764000,VEND022-202512-5157,2025-12-24,2026-03-22,Paid,Quantity Variance,False,False
INV000532,,VEND004,2025-12-24,129000,VEND004-202512-2223,2025-12-24,,Blocked,No PO,False,True
INV000465,4500000149,VEND038,2025-12-19,246000,VEND038-202512-7465,2025-12-25,2026-03-03,Paid,Matched,False,False
INV000483,4500000194,VEND029,2025-12-25,736000,VEND029-202512-5565,2025-12-25,2026-03-19,Paid,Matched,False,False
INV000454,4500000439,VEND007,2025-12-24,1428000,VEND007-202512-6793,2025-12-26,2026-02-09,Paid,Price Variance,False,False
INV000490,4500000063,VEND026,2025-12-23,961000,VEND026-202512-9677,2025-12-26,2026-02-04,Paid,Matched,False,False
INV000456,4500000468,VEND016,2025-12-29,711000,VEND016-202512-9288,2025-12-29,2026-02-14,Paid,Matched,False,False
INV000474,4500000041,VEND049,2025-12-24,1277000,VEND049-202512-4961,2025-12-29,2026-03-05,Paid,Matched,False,False
INV000495,4500000424,VEND023,2025-12-26,688000,VEND023-202512-7317,2025-12-29,2026-03-20,Paid,Matched,False,False
INV000594,4500000303,VEND045,2025-12-23,1141000,VEND045-202512-4389-DUP,2025-12-29,,Blocked,Matched,True,False
INV000455,4500000223,VEND013,2025-12-26,112000,VEND013-202512-2113,2025-12-30,2026-02-15,Paid,Matched,False,False
INV000463,4500000166,VEND040,2025-12-26,1280000,VEND040-202512-7007,2025-12-30,2026-03-03,Paid,Price Variance,False,False
INV000505,4500000313,VEND005,2025-12-25,177000,VEND005-202512-5194,2025-12-30,2026-03-25,Paid,Price Variance,False,True
INV000541,4500000295,VEND041,2025-12-30,398000,VEND041-202512-3309,2025-12-30,2026-03-28,Paid,Matched,False,False
INV000546,4500000092,VEND031,2025-12-25,399000,VEND031-202512-4310,2025-12-30,2026-03-01,Paid,Matched,False,False
INV000477,4500000196,VEND023,2025-12-30,1426000,VEND023-202512-6247,2026-01-01,,Blocked,Matched,False,False
INV000468,4500000055,VEND038,2026-01-01,1532000,VEND038-202601-2992,2026-01-02,2026-03-09,Paid,Matched,False,False
INV000497,4500000426,VEND028,2025-12-31,522000,VEND028-202512-4747,2026-01-05,2026-03-31,Paid,Price Variance,False,False
INV000470,4500000118,VEND020,2026-01-02,125000,VEND020-202601-5535,2026-01-06,,Blocked,Matched,False,False
INV000472,4500000320,VEND001,2025-12-31,784000,VEND001-202512-5750,2026-01-06,2026-03-30,Paid,Matched,False,False
INV000485,4500000148,VEND014,2026-01-06,1242000,VEND014-202601-4562,2026-01-06,2026-04-05,Paid,Quantity Variance,False,False
INV000488,4500000298,VEND031,2026-01-02,929000,VEND031-202601-1078,2026-01-06,,Open,Matched,False,False
INV000600,4500000063,VEND026,2026-01-01,961000,VEND026-202512-9677-DUP,2026-01-06,2026-02-15,Paid,Matched,True,False
INV000469,4500000092,VEND031,2026-01-07,889000,VEND031-202601-3497,2026-01-07,2026-03-09,Paid,Matched,False,False
INV000475,4500000090,VEND002,2026-01-06,255000,VEND002-202601-1961,2026-01-07,2026-03-14,Paid,Matched,False,False
INV000496,4500000458,VEND040,2026-01-05,164000,VEND040-202601-7889,2026-01-09,2026-03-16,Paid,Matched,False,False
INV000572,4500000340,VEND042,2026-01-06,899000,VEND042-202512-9197-DUP,2026-01-09,2026-02-24,Paid,Matched,True,False
INV000476,4500000040,VEND049,2026-01-08,312000,VEND049-202601-1138,2026-01-12,2026-03-20,Paid,Matched,False,False
INV000489,4500000037,VEND050,2026-01-06,1305000,VEND050-202601-9885,2026-01-12,2026-04-10,Paid,Price Variance,False,False
INV000578,4500000118,VEND020,2026-01-09,125000,VEND020-202601-5535-DUP,2026-01-13,2026-03-19,Paid,Matched,True,False
INV000491,4500000101,VEND025,2026-01-13,1633000,VEND025-202601-2924,2026-01-14,2026-03-16,Paid,Matched,False,False
INV000478,4500000295,VEND041,2026-01-09,968000,VEND041-202601-8805,2026-01-15,,Blocked,Matched,False,False
INV000498,4500000028,VEND013,2026-01-15,661000,VEND013-202601-9653,2026-01-15,2026-02-26,Paid,Matched,False,False
INV000536,4500000101,VEND025,2026-01-14,451000,VEND025-202601-3016,2026-01-15,2026-03-20,Paid,Matched,False,False
INV000500,4500000239,VEND030,2026-01-14,1101000,VEND030-202601-6440,2026-01-16,2026-04-14,Paid,Matched,False,False
INV000492,4500000255,VEND021,2026-01-15,701000,VEND021-202601-1343,2026-01-19,2026-02-28,Paid,Matched,False,False
INV000487,4500000142,VEND038,2026-01-15,874000,VEND038-202601-2314,2026-01-21,2026-03-27,Paid,Matched,False,False
INV000493,4500000412,VEND024,2026-01-16,113000,VEND024-202601-5278,2026-01-21,2026-03-25,Paid,Matched,False,False
INV000494,4500000314,VEND045,2026-01-21,561000,VEND045-202601-5937,2026-01-22,2026-03-29,Paid,Matched,False,False
INV000519,4500000101,VEND025,2026-01-22,1774000,VEND025-202601-6874,2026-01-27,2026-04-03,Paid,Price Variance,False,True
INV000499,4500000032,VEND027,2026-01-29,1179000,VEND027-202601-9458,2026-02-02,2026-05-02,Paid,Matched,False,False
INV000583,4500000040,VEND049,2026-02-01,312000,VEND049-202601-1138-DUP,2026-02-03,2026-04-07,Paid,Matched,True,False
INV000539,4500000298,VEND031,2026-01-30,274000,VEND031-202601-1087,2026-02-05,2026-04-13,Paid,Price Variance,False,False
