po_number,vendor_id,po_date,total_amount,line_item_count,approved_by,approval_date,approval_level,approval_threshold_limit,material_group,plant,is_split_purchase,is_approval_bypass
4500000226,VEND019,2025-01-01,1314000,8,EMP025,2025-01-06,L3,2000000,KITCHEN_EQP,JP01,False,False
4500000110,VEND020,2025-01-02,774000,3,EMP023,2025-01-07,L2,800000,SPA_SERVICES,JP01,False,False
4500000193,VEND039,2025-01-02,963000,4,EMP025,2025-01-03,L3,2000000,ELECTRICAL,JP01,False,False
4500000453,VEND041,2025-01-02,1534000,2,EMP029,2025-01-02,L3,2000000,DRY_GOODS,JP01,False,False
4500000029,VEND012,2025-01-04,688000,7,EMP008,2025-01-08,L1,300000,FRESH_PRODUCE,JP01,False,True
4500000228,VEND015,2025-01-04,1214000,2,EMP030,2025-01-04,L3,2000000,SECURITY,JP01,False,False
4500000401,VEND012,2025-01-04,1565000,7,EMP028,2025-01-08,L3,2000000,FRESH_PRODUCE,JP01,False,False
4500000269,VEND033,2025-01-06,617000,6,EMP024,2025-01-08,L2,800000,LAUNDRY,JP01,False,False
4500000176,VEND001,2025-01-07,1495000,2,EMP030,2025-01-07,L3,2000000,DRY_GOODS,JP01,False,False
4500000351,VEND004,2025-01-07,220000,1,EMP002,2025-01-09,L1,300000,HVAC,JP01,False,False
4500000186,VEND044,2025-01-08,1302000,6,EMP029,2025-01-10,L3,2000000,PLUMBING,JP01,False,False
4500000379,VEND012,2025-01-08,1451000,7,EMP030,2025-01-10,L3,2000000,FRESH_PRODUCE,JP01,False,False
4500000451,VEND012,2025-01-08,1065000,8,EMP029,2025-01-09,L3,2000000,DRY_GOODS,JP01,False,False
4500000195,VEND038,2025-01-10,804000,6,EMP025,2025-01-15,L3,2000000,LAUNDRY,JP01,False,False
4500000481,VEND026,2025-01-10,325000,1,EMP026,2025-01-14,L3,2000000,DRY_GOODS,JP01,False,False
4500000368,VEND042,2025-01-11,189000,3,EMP013,2025-01-13,L1,300000,SEAFOOD,JP01,False,False
4500000144,VEND043,2025-01-12,109000,2,EMP030,2025-01-15,L3,2000000,HOUSEKEEPING,JP01,False,False
4500000310,VEND003,2025-01-12,364000,3,EMP017,2025-01-15,L2,800000,LAUNDRY,JP01,False,False
4500000079,VEND030,2025-01-13,120000,7,EMP018,2025-01-13,L2,800000,SECURITY,JP01,False,False
4500000397,VEND026,2025-01-13,1062000,1,EMP028,2025-01-16,L3,2000000,DRY_GOODS,JP01,False,False
4500000188,VEND003,2025-01-14,1486000,8,EMP028,2025-01-17,L3,2000000,HOUSEKEEPING,JP01,False,False
4500000330,VEND007,2025-01-14,887000,8,EMP026,2025-01-15,L3,2000000,BEVERAGE,JP01,False,False
4500000346,VEND043,2025-01-14,1213000,7,EMP028,2025-01-17,L3,2000000,LAUNDRY,JP01,False,False
4500000058,VEND009,2025-01-15,1268000,7,EMP029,2025-01-15,L3,2000000,KITCHEN_EQP,JP01,False,False
4500000297,VEND026,2025-01-17,1138000,8,EMP030,2025-01-22,L3,2000000,FRESH_PRODUCE,JP01,False,False
4500000001,VEND030,2025-01-18,346000,7,EMP028,2025-01-18,L3,2000000,EVENTS,JP01,True,False
4500000002,VEND030,2025-01-18,427000,1,EMP019,2025-01-22,L2,800000,IT_SUPPORT,JP01,True,False
4500000121,VEND041,2025-01-18,608000,6,EMP024,2025-01-21,L2,800000,SEAFOOD,JP01,False,False
4500000484,VEND028,2025-01-18,780000,6,EMP029,2025-01-18,L3,2000000,LINEN,JP01,False,False
4500000486,VEND030,2025-01-18,990000,5,EMP026,2025-01-21,L3,2000000,EVENTS,JP01,False,False
4500000272,VEND019,2025-01-19,1161000,1,EMP026,2025-01-22,L3,2000000,HVAC,JP01,False,False
4500000147,VEND014,2025-01-21,887000,1,EMP029,2025-01-22,L3,2000000,HVAC,JP01,False,False
4500000168,VEND039,2025-01-22,51000,6,EMP018,2025-01-27,L2,800000,PLUMBING,JP01,False,False
4500000068,VEND036,2025-01-23,1104000,7,EMP028,2025-01-27,L3,2000000,FRESH_PRODUCE,JP01,False,False
4500000225,VEND023,2025-01-23,1484000,6,EMP026,2025-01-24,L3,2000000,HOUSEKEEPING,JP01,False,False
4500000275,VEND038,2025-01-23,493000,1,EMP019,2025-01-27,L2,800000,LINEN,JP01,False,False
4500000155,VEND035,2025-01-24,373000,2,EMP028,2025-01-28,L3,2000000,SECURITY,JP01,False,False
4500000431,VEND041,2025-01-25,1255000,4,EMP028,2025-01-29,L3,2000000,SEAFOOD,JP01,False,False
4500000378,VEND006,2025-01-26,1513000,2,EMP025,2025-01-27,L3,2000000,BEVERAGE,JP01,False,False
4500000261,VEND045,2025-01-27,730000,4,EMP026,2025-01-28,L3,2000000,SPA_SERVICES,JP01,False,False
4500000098,VEND007,2025-01-28,263000,1,EMP017,2025-01-31,L2,800000,DRY_GOODS,JP01,False,False
4500000427,VEND039,2025-01-28,1634000,3,EMP030,2025-01-31,L3,2000000,PLUMBING,JP01,False,False
4500000294,VEND044,2025-01-29,1303000,2,EMP029,2025-02-03,L3,2000000,KITCHEN_EQP,JP01,False,False
4500000054,VEND010,2025-01-30,1197000,7,EMP025,2025-01-31,L3,2000000,EVENTS,JP01,False,False
4500000199,VEND027,2025-01-30,1365000,4,EMP028,2025-01-30,L3,2000000,DRY_GOODS,JP01,False,False
4500000335,VEND028,2025-01-31,175000,1,EMP025,2025-02-03,L3,2000000,LINEN,JP01,False,False
4500000473,VEND005,2025-02-03,937000,3,EMP028,2025-02-03,L3,2000000,IT_SUPPORT,JP01,False,False
4500000265,VEND029,2025-02-04,665000,3,EMP015,2025-02-05,L2,800000,KITCHEN_EQP,JP01,False,False
4500000069,VEND009,2025-02-05,1450000,7,EMP026,2025-02-07,L3,2000000,ELECTRICAL,JP01,False,False
4500000007,VEND011,2025-02-06,420000,8,EMP017,2025-02-06,L2,800000,FRESH_PRODUCE,JP01,True,False
4500000008,VEND011,2025-02-06,307000,6,EMP019,2025-02-06,L2,800000,FRESH_PRODUCE,JP01,True,False
4500000264,VEND037,2025-02-06,1583000,5,EMP028,2025-02-10,L3,2000000,DRY_GOODS,JP01,False,False
4500000447,VEND003,2025-02-06,654000,6,EMP023,2025-02-07,L2,800000,HOUSEKEEPING,JP01,False,False
4500000218,VEND015,2025-02-07,717000,3,EMP024,2025-02-12,L2,800000,IT_SUPPORT,JP01,False,False
4500000399,VEND020,2025-02-07,1612000,6,EMP025,2025-02-12,L3,2000000,EVENTS,JP01,False,False
4500000059,VEND037,2025-02-08,354000,3,EMP028,2025-02-11,L3,2000000,DRY_GOODS,JP01,False,False
4500000096,VEND021,2025-02-09,1581000,7,EMP025,2025-02-11,L3,2000000,SEAFOOD,JP01,False,False
4500000232,VEND040,2025-02-09,973000,6,EMP025,2025-02-09,L3,2000000,SECURITY,JP01,False,False
4500000493,VEND039,2025-02-09,1027000,3,EMP025,2025-02-12,L3,2000000,ELECTRICAL,JP01,False,False
4500000005,VEND040,2025-02-10,458000,4,EMP029,2025-02-10,L3,2000000,IT_SUPPORT,JP01,True,False
4500000006,VEND040,2025-02-10,448000,4,EMP015,2025-02-13,L2,800000,EVENTS,JP01,True,False
4500000099,VEND030,2025-02-11,1005000,6,EMP025,2025-02-14,L3,2000000,SECURITY,JP01,False,False
4500000213,VEND012,2025-02-11,78000,7,EMP014,2025-02-14,L1,300000,BEVERAGE,JP01,False,False
4500000163,VEND012,2025-02-12,1264000,8,EMP025,2025-02-14,L3,2000000,BEVERAGE,JP01,False,False
4500000220,VEND038,2025-02-12,1520000,7,EMP025,2025-02-14,L3,2000000,HOUSEKEEPING,JP01,False,False
4500000333,VEND002,2025-02-12,198000,3,EMP002,2025-02-13,L1,300000,BEVERAGE,JP01,False,False
4500000405,VEND043,2025-02-12,233000,3,EMP029,2025-02-14,L3,2000000,HOUSEKEEPING,JP01,False,False
4500000048,VEND039,2025-02-13,140000,8,EMP026,2025-02-13,L3,2000000,PLUMBING,JP01,False,False
4500000085,VEND040,2025-02-13,1285000,4,EMP026,2025-02-18,L3,2000000,IT_SUPPORT,JP01,False,False
4500000414,VEND011,2025-02-15,95000,7,EMP007,2025-02-17,L1,300000,FRESH_PRODUCE,JP01,False,False
4500000165,VEND006,2025-02-17,654000,7,EMP030,2025-02-19,L3,2000000,SEAFOOD,JP01,False,False
4500000134,VEND012,2025-02-18,1257000,2,EMP028,2025-02-19,L3,2000000,DRY_GOODS,JP01,False,False
4500000466,VEND042,2025-02-18,1517000,7,EMP029,2025-02-18,L3,2000000,FRESH_PRODUCE,JP01,False,False
4500000423,VEND005,2025-02-19,1007000,3,EMP030,2025-02-19,L3,2000000,SECURITY,JP01,False,False
4500000418,VEND015,2025-02-20,241000,1,EMP030,2025-02-20,L3,2000000,SECURITY,JP01,False,False
4500000047,VEND023,2025-02-21,355000,1,EMP028,2025-02-25,L3,2000000,LAUNDRY,JP01,False,False
4500000278,VEND037,2025-02-23,424000,7,EMP024,2025-02-25,L2,800000,SEAFOOD,JP01,False,False
4500000500,VEND012,2025-02-23,1437000,4,EMP028,2025-02-23,L3,2000000,SEAFOOD,JP01,False,False
4500000370,VEND013,2025-02-26,1621000,5,EMP026,2025-02-28,L3,2000000,HOUSEKEEPING,JP01,False,False
4500000387,VEND016,2025-02-26,574000,1,EMP019,2025-02-26,L2,800000,DRY_GOODS,JP01,False,False
4500000074,VEND037,2025-02-27,181000,4,EMP023,2025-03-04,L2,800000,SEAFOOD,JP01,False,False
4500000324,VEND006,2025-02-28,1651000,1,EMP030,2025-03-05,L3,2000000,FRESH_PRODUCE,JP01,False,False
4500000075,VEND031,2025-03-01,839000,1,EMP030,2025-03-05,L3,2000000,FRESH_PRODUCE,JP01,False,False
4500000180,VEND038,2025-03-01,1063000,1,EMP028,2025-03-01,L3,2000000,HOUSEKEEPING,JP01,False,False
4500000139,VEND011,2025-03-02,163000,5,EMP003,2025-03-02,L1,300000,DRY_GOODS,JP01,False,False
4500000052,VEND041,2025-03-03,418000,8,EMP026,2025-03-05,L3,2000000,SEAFOOD,JP01,False,False
4500000291,VEND030,2025-03-03,138000,3,EMP029,2025-03-05,L3,2000000,SPA_SERVICES,JP01,False,False
4500000353,VEND022,2025-03-06,151000,1,EMP014,2025-03-11,L1,300000,BEVERAGE,JP01,False,False
4500000123,VEND033,2025-03-07,1400000,8,EMP030,2025-03-12,L3,2000000,LAUNDRY,JP01,False,False
4500000355,VEND035,2025-03-07,985000,4,EMP026,2025-03-10,L3,2000000,SPA_SERVICES,JP01,False,False
4500000469,VEND008,2025-03-07,1348000,6,EMP025,2025-03-07,L3,2000000,LINEN,JP01,False,False
4500000497,VEND045,2025-03-07,826000,5,EMP026,2025-03-07,L3,2000000,IT_SUPPORT,JP01,False,False
4500000296,VEND026,2025-03-08,185000,3,EMP004,2025-03-08,L1,300000,DRY_GOODS,JP01,False,False
4500000212,VEND027,2025-03-09,1214000,2,EMP029,2025-03-11,L3,2000000,BEVERAGE,JP01,False,False
4500000175,VEND036,2025-03-10,83000,1,EMP005,2025-03-11,L1,300000,DRY_GOODS,JP01,False,False
4500000488,VEND010,2025-03-11,168000,5,EMP018,2025-03-13,L2,800000,EVENTS,JP01,False,False
4500000094,VEND041,2025-03-12,920000,8,EMP026,2025-03-14,L3,2000000,FRESH_PRODUCE,JP01,False,False
4500000190,VEND032,2025-03-12,1608000,1,EMP026,2025-03-13,L3,2000000,FRESH_PRODUCE,JP01,False,False
4500000281,VEND015,2025-03-12,1241000,4,EMP030,2025-03-12,L3,2000000,EVENTS,JP01,False,False
4500000356,VEND003,2025-03-12,503000,5,EMP026,2025-03-12,L3,2000000,HOUSEKEEPING,JP01,False,False
4500000471,VEND041,2025-03-12,1560000,6,EMP026,2025-03-13,L3,2000000,DRY_GOODS,JP01,False,False
4500000389,VEND041,2025-03-13,411000,5,EMP016,2025-03-17,L2,800000,DRY_GOODS,JP01,False,False
4500000246,VEND042,2025-03-16,659000,5,EMP029,2025-03-18,L3,2000000,BEVERAGE,JP01,False,False
4500000067,VEND027,2025-03-17,312000,1,EMP016,2025-03-17,L2,800000,BEVERAGE,JP01,False,False
4500000496,VEND017,2025-03-19,62000,2,EMP008,2025-03-19,L1,300000,BEVERAGE,JP01,False,False
4500000182,VEND019,2025-03-23,1356000,8,EMP030,2025-03-23,L3,2000000,KITCHEN_EQP,JP01,False,False
4500000206,VEND017,2025-03-23,668000,8,EMP028,2025-03-24,L3,2000000,FRESH_PRODUCE,JP01,False,False
4500000131,VEND039,2025-03-24,1263000,8,EMP025,2025-03-24,L3,2000000,ELECTRICAL,JP01,False,False
4500000135,VEND028,2025-03-24,1248000,3,EMP029,2025-03-25,L3,2000000,HOUSEKEEPING,JP01,False,False
4500000472,VEND041,2025-03-24,1557000,8,EMP028,2025-03-26,L3,2000000,DRY_GOODS,JP01,False,False
4500000151,VEND004,2025-03-26,136000,4,EMP002,2025-03-27,L1,300000,KITCHEN_EQP,JP01,False,False
4500000334,VEND015,2025-03-27,752000,1,EMP017,2025-03-28,L2,800000,EVENTS,JP01,False,False
4500000420,VEND025,2025-03-27,1565000,5,EMP028,2025-03-28,L3,2000000,IT_SUPPORT,JP01,False,False
4500000409,VEND026,2025-03-28,1248000,4,EMP030,2025-04-01,L3,2000000,BEVERAGE,JP01,False,False
4500000179,VEND008,2025-03-30,1308000,8,EMP029,2025-04-02,L3,2000000,LINEN,JP01,False,False
4500000184,VEND041,2025-03-31,158000,1,EMP021,2025-03-31,L2,800000,SEAFOOD,JP01,False,False
4500000210,VEND016,2025-03-31,818000,5,EMP025,2025-03-31,L3,2000000,FRESH_PRODUCE,JP01,False,False
4500000289,VEND029,2025-03-31,537000,4,EMP016,2025-04-01,L2,800000,KITCHEN_EQP,JP01,False,False
4500000009,VEND026,2025-04-01,396000,5,EMP029,2025-04-04,L3,2000000,FRESH_PRODUCE,JP01,True,False
4500000010,VEND026,2025-04-01,321000,5,EMP026,2025-04-02,L3,2000000,BEVERAGE,JP01,True,False
4500000286,VEND023,2025-04-01,766000,5,EMP019,2025-04-04,L2,800000,LAUNDRY,JP01,False,False
4500000349,VEND028,2025-04-01,146000,2,EMP001,2025-04-01,L1,300000,LAUNDRY,JP01,False,False
4500000325,VEND004,2025-04-02,816000,8,EMP028,2025-04-03,L3,2000000,ELECTRICAL,JP01,False,False
4500000053,VEND003,2025-04-03,1689000,2,EMP028,2025-04-08,L3,2000000,LINEN,JP01,False,False
4500000107,VEND045,2025-04-03,184000,6,EMP007,2025-04-03,L1,300000,SPA_SERVICES,JP01,False,False
4500000345,VEND004,2025-04-03,569000,4,EMP015,2025-04-03,L2,800000,ELECTRICAL,JP01,False,False
4500000279,VEND004,2025-04-04,1428000,5,EMP029,2025-04-04,L3,2000000,HVAC,JP01,False,False
4500000358,VEND022,2025-04-04,1022000,1,EMP030,2025-04-04,L3,2000000,BEVERAGE,JP01,False,False
4500000489,VEND043,2025-04-04,1179000,8,EMP030,2025-04-07,L3,2000000,HOUSEKEEPING,JP01,False,False
4500000328,VEND025,2025-04-05,1294000,4,EMP030,2025-04-09,L3,2000000,SPA_SERVICES,JP01,False,False
4500000381,VEND021,2025-04-05,1324000,3,EMP025,2025-04-05,L3,2000000,BEVERAGE,JP01,False,False
4500000323,VEND024,2025-04-06,992000,8,EMP026,2025-04-08,L3,2000000,ELECTRICAL,JP01,False,False
4500000271,VEND029,2025-04-07,110000,5,EMP025,2025-04-07,L3,2000000,KITCHEN_EQP,JP01,False,False
4500000125,VEND036,2025-04-09,1264000,8,EMP025,2025-04-14,L3,2000000,FRESH_PRODUCE,JP01,False,False
4500000461,VEND031,2025-04-09,386000,4,EMP021,2025-04-09,L2,800000,DRY_GOODS,JP01,False,False
4500000219,VEND007,2025-04-10,322000,2,EMP020,2025-04-14,L2,800000,BEVERAGE,JP01,False,False
4500000388,VEND007,2025-04-11,411000,7,EMP028,2025-04-11,L3,2000000,SEAFOOD,JP01,False,False
4500000202,VEND012,2025-04-13,736000,3,EMP030,2025-04-16,L3,2000000,BEVERAGE,JP01,False,False
4500000154,VEND009,2025-04-14,1422000,1,EMP030,2025-04-15,L3,2000000,KITCHEN_EQP,JP01,False,False
4500000262,VEND033,2025-04-14,1377000,1,EMP029,2025-04-14,L3,2000000,LAUNDRY,JP01,False,False
4500000457,VEND037,2025-04-14,1344000,8,EMP025,2025-04-14,L3,2000000,SEAFOOD,JP01,False,False
4500000367,VEND038,2025-04-15,972000,8,EMP025,2025-04-18,L3,2000000,HOUSEKEEPING,JP01,False,False
4500000359,VEND041,2025-04-16,762000,4,EMP019,2025-04-17,L2,800000,FRESH_PRODUCE,JP01,False,False
4500000013,VEND021,2025-04-17,355000,4,EMP016,2025-04-22,L2,800000,BEVERAGE,JP01,True,False
4500000014,VEND021,2025-04-17,277000,6,EMP024,2025-04-17,L2,800000,BEVERAGE,JP01,True,False
4500000189,VEND019,2025-04-17,1122000,7,EMP030,2025-04-17,L3,2000000,ELECTRICAL,JP01,False,False
4500000056,VEND010,2025-04-20,1547000,7,EMP030,2025-04-21,L3,2000000,IT_SUPPORT,JP01,False,False
4500000078,VEND020,2025-04-20,1308000,4,EMP030,2025-04-20,L3,2000000,IT_SUPPORT,JP01,False,False
4500000046,VEND031,2025-04-21,514000,5,EMP022,2025-04-22,L2,800000,SEAFOOD,JP01,False,False
4500000400,VEND027,2025-04-21,142000,7,EMP005,2025-04-22,L1,300000,FRESH_PRODUCE,JP01,False,False
4500000128,VEND039,2025-04-22,105000,3,EMP002,2025-04-25,L1,300000,PLUMBING,JP01,False,False
4500000480,VEND036,2025-04-25,1526000,6,EMP026,2025-04-28,L3,2000000,FRESH_PRODUCE,JP01,False,False
4500000203,VEND035,2025-04-26,1561000,6,EMP025,2025-04-28,L3,2000000,IT_SUPPORT,JP01,False,False
4500000361,VEND019,2025-04-26,162000,1,EMP004,2025-04-29,L1,300000,KITCHEN_EQP,JP01,False,False
4500000222,VEND021,2025-04-27,100000,3,EMP018,2025-04-30,L2,800000,DRY_GOODS,JP01,False,False
4500000315,VEND002,2025-04-27,756000,6,EMP020,2025-04-29,L2,800000,SEAFOOD,JP01,False,False
4500000065,VEND039,2025-04-28,663000,1,EMP026,2025-04-29,L3,2000000,KITCHEN_EQP,JP01,False,False
4500000385,VEND013,2025-04-29,1696000,4,EMP029,2025-05-01,L3,2000000,LAUNDRY,JP01,False,False
4500000343,VEND022,2025-04-30,1285000,5,EMP026,2025-05-05,L3,2000000,FRESH_PRODUCE,JP01,False,False
4500000214,VEND043,2025-05-02,91000,5,EMP024,2025-05-05,L2,800000,HOUSEKEEPING,JP01,False,False
4500000449,VEND020,2025-05-02,1502000,7,EMP026,2025-05-05,L3,2000000,EVENTS,JP01,False,False
4500000433,VEND037,2025-05-03,1171000,4,EMP026,2025-05-06,L3,2000000,BEVERAGE,JP01,False,False
4500000233,VEND037,2025-05-04,148000,8,EMP023,2025-05-06,L2,800000,BEVERAGE,JP01,False,False
4500000267,VEND005,2025-05-04,171000,3,EMP010,2025-05-06,L1,300000,EVENTS,JP01,False,False
4500000003,VEND001,2025-05-05,323000,8,EMP023,2025-05-07,L2,800000,SEAFOOD,JP01,True,False
4500000004,VEND001,2025-05-05,322000,7,EMP015,2025-05-08,L2,800000,BEVERAGE,JP01,True,False
4500000080,VEND045,2025-05-07,1088000,6,EMP029,2025-05-08,L3,2000000,SPA_SERVICES,JP01,False,False
4500000383,VEND006,2025-05-07,717000,7,EMP017,2025-05-07,L2,800000,DRY_GOODS,JP01,False,False
4500000112,VEND009,2025-05-08,393000,6,EMP020,2025-05-12,L2,800000,ELECTRICAL,JP01,False,False
4500000241,VEND021,2025-05-10,157000,1,EMP003,2025-05-13,L1,300000,DRY_GOODS,JP01,False,False
4500000062,VEND019,2025-05-11,204000,8,EMP026,2025-05-11,L3,2000000,ELECTRICAL,JP01,False,False
4500000021,VEND001,2025-05-12,809000,7,,,,0,BEVERAGE,JP01,False,True
4500000280,VEND036,2025-05-13,544000,3,EMP017,2025-05-16,L2,800000,BEVERAGE,JP01,False,False
4500000398,VEND012,2025-05-14,1536000,1,EMP030,2025-05-19,L3,2000000,SEAFOOD,JP01,False,False
4500000475,VEND001,2025-05-14,596000,4,EMP015,2025-05-14,L2,800000,DRY_GOODS,JP01,False,False
4500000169,VEND011,2025-05-16,531000,3,EMP017,2025-05-21,L2,800000,FRESH_PRODUCE,JP01,False,False
4500000380,VEND004,2025-05-17,163000,6,EMP005,2025-05-17,L1,300000,PLUMBING,JP01,False,False
4500000097,VEND020,2025-05-18,1212000,7,EMP028,2025-05-18,L3,2000000,SPA_SERVICES,JP01,False,False
4500000410,VEND002,2025-05-19,1636000,7,EMP026,2025-05-19,L3,2000000,BEVERAGE,JP01,False,False
4500000428,VEND023,2025-05-19,1393000,6,EMP025,2025-05-21,L3,2000000,LAUNDRY,JP01,False,False
4500000435,VEND022,2025-05-19,1309000,7,EMP030,2025-05-19,L3,2000000,SEAFOOD,JP01,False,False
4500000017,VEND012,2025-05-21,453000,2,EMP023,2025-05-21,L2,800000,DRY_GOODS,JP01,True,False
4500000018,VEND012,2025-05-21,279000,1,EMP003,2025-05-23,L1,300000,BEVERAGE,JP01,True,False
4500000150,VEND037,2025-05-21,1493000,4,EMP029,2025-05-26,L3,2000000,FRESH_PRODUCE,JP01,False,False
4500000235,VEND044,2025-05-21,1152000,4,EMP025,2025-05-23,L3,2000000,ELECTRICAL,JP01,False,False
4500000113,VEND030,2025-05-22,1579000,4,EMP026,2025-05-26,L3,2000000,IT_SUPPORT,JP01,False,False
4500000386,VEND038,2025-05-22,143000,6,EMP017,2025-05-27,L2,800000,LINEN,JP01,False,False
4500000126,VEND040,2025-05-23,1045000,6,EMP025,2025-05-23,L3,2000000,SPA_SERVICES,JP01,False,False
4500000274,VEND035,2025-05-23,572000,1,EMP021,2025-05-26,L2,800000,IT_SUPPORT,JP01,False,False
4500000084,VEND035,2025-05-24,401000,5,EMP023,2025-05-26,L2,800000,EVENTS,JP01,False,False
4500000357,VEND005,2025-05-24,947000,2,EMP029,2025-05-27,L3,2000000,SPA_SERVICES,JP01,False,False
4500000061,VEND009,2025-05-25,442000,5,EMP016,2025-05-25,L2,800000,PLUMBING,JP01,False,False
4500000091,VEND025,2025-05-25,583000,6,EMP023,2025-05-26,L2,800000,SECURITY,JP01,False,False
4500000011,VEND021,2025-05-26,296000,7,EMP026,2025-05-26,L3,2000000,SEAFOOD,JP01,True,False
4500000012,VEND021,2025-05-26,339000,3,EMP030,2025-05-27,L3,2000000,SEAFOOD,JP01,True,False
4500000369,VEND003,2025-05-26,125000,7,EMP009,2025-05-28,L1,300000,LAUNDRY,JP01,False,False
4500000183,VEND002,2025-05-27,1630000,5,EMP029,2025-05-29,L3,2000000,DRY_GOODS,JP01,False,False
4500000283,VEND010,2025-05-28,956000,4,EMP025,2025-05-30,L3,2000000,IT_SUPPORT,JP01,False,False
4500000171,VEND038,2025-05-29,696000,7,EMP024,2025-05-29,L2,800000,LINEN,JP01,False,False
4500000200,VEND013,2025-05-29,1319000,1,EMP026,2025-05-29,L3,2000000,HOUSEKEEPING,JP01,False,False
4500000430,VEND028,2025-05-29,460000,2,EMP023,2025-05-29,L2,800000,LINEN,JP01,False,False
4500000282,VEND036,2025-05-30,239000,7,EMP009,2025-05-30,L1,300000,SEAFOOD,JP01,False,False
4500000257,VEND012,2025-06-02,514000,8,EMP023,2025-06-04,L2,800000,FRESH_PRODUCE,JP01,False,False
4500000408,VEND040,2025-06-02,1174000,3,EMP025,2025-06-03,L3,2000000,IT_SUPPORT,JP01,False,False
4500000445,VEND015,2025-06-02,812000,8,EMP029,2025-06-02,L3,2000000,SPA_SERVICES,JP01,False,False
4500000051,VEND020,2025-06-04,1086000,7,EMP025,2025-06-09,L3,2000000,SPA_SERVICES,JP01,False,False
4500000191,VEND021,2025-06-04,824000,7,EMP026,2025-06-05,L3,2000000,BEVERAGE,JP01,False,False
4500000237,VEND023,2025-06-07,436000,2,EMP022,2025-06-09,L2,800000,LAUNDRY,JP01,False,False
4500000024,VEND010,2025-06-09,1031000,2,,,,0,IT_SUPPORT,JP01,False,True
4500000251,VEND039,2025-06-09,1240000,8,EMP026,2025-06-10,L3,2000000,HVAC,JP01,False,False
4500000082,VEND017,2025-06-10,1497000,2,EMP029,2025-06-12,L3,2000000,SEAFOOD,JP01,False,False
4500000259,VEND028,2025-06-10,1234000,2,EMP030,2025-06-12,L3,2000000,LINEN,JP01,False,False
4500000230,VEND015,2025-06-11,581000,6,EMP022,2025-06-12,L2,800000,EVENTS,JP01,False,False
4500000249,VEND019,2025-06-13,1158000,6,EMP030,2025-06-17,L3,2000000,ELECTRICAL,JP01,False,False
4500000318,VEND007,2025-06-13,629000,4,EMP025,2025-06-13,L3,2000000,SEAFOOD,JP01,False,False
4500000421,VEND038,2025-06-13,125000,7,EMP004,2025-06-17,L1,300000,LAUNDRY,JP01,False,False
4500000164,VEND027,2025-06-15,1075000,8,EMP026,2025-06-15,L3,2000000,SEAFOOD,JP01,False,False
4500000173,VEND044,2025-06-15,1039000,4,EMP030,2025-06-16,L3,2000000,PLUMBING,JP01,False,False
4500000157,VEND037,2025-06-16,162000,4,EMP017,2025-06-17,L2,800000,BEVERAGE,JP01,False,False
4500000035,VEND013,2025-06-17,854000,3,EMP018,2025-06-20,L2,800000,LINEN,JP01,False,True
4500000105,VEND024,2025-06-18,879000,1,EMP030,2025-06-19,L3,2000000,ELECTRICAL,JP01,False,False
4500000111,VEND043,2025-06-19,855000,4,EMP029,2025-06-24,L3,2000000,LINEN,JP01,False,False
4500000088,VEND033,2025-06-22,1363000,6,EMP028,2025-06-22,L3,2000000,LAUNDRY,JP01,False,False
4500000117,VEND021,2025-06-22,184000,6,EMP029,2025-06-22,L3,2000000,DRY_GOODS,JP01,False,False
4500000391,VEND029,2025-06-23,1620000,4,EMP026,2025-06-23,L3,2000000,HVAC,JP01,False,False
4500000209,VEND017,2025-06-24,652000,5,EMP018,2025-06-26,L2,800000,DRY_GOODS,JP01,False,False
4500000432,VEND004,2025-06-24,1400000,3,EMP030,2025-06-27,L3,2000000,PLUMBING,JP01,False,False
4500000476,VEND001,2025-06-25,1064000,3,EMP029,2025-06-26,L3,2000000,FRESH_PRODUCE,JP01,False,False
4500000394,VEND045,2025-06-26,1343000,5,EMP025,2025-06-30,L3,2000000,SPA_SERVICES,JP01,False,False
4500000425,VEND043,2025-06-26,467000,2,EMP019,2025-07-01,L2,800000,LAUNDRY,JP01,False,False
4500000250,VEND031,2025-06-27,1681000,2,EMP030,2025-06-27,L3,2000000,BEVERAGE,JP01,False,False
4500000317,VEND002,2025-06-27,667000,4,EMP023,2025-06-27,L2,800000,BEVERAGE,JP01,False,False
4500000161,VEND031,2025-06-28,529000,3,EMP029,2025-06-30,L3,2000000,BEVERAGE,JP01,False,False
4500000089,VEND033,2025-06-29,1337000,3,EMP025,2025-07-02,L3,2000000,LAUNDRY,JP01,False,False
4500000138,VEND043,2025-06-29,233000,6,EMP002,2025-07-01,L1,300000,LINEN,JP01,False,False
4500000027,VEND033,2025-06-30,1080000,8,,,,0,HOUSEKEEPING,JP01,False,True
4500000308,VEND022,2025-06-30,1427000,1,EMP029,2025-07-02,L3,2000000,FRESH_PRODUCE,JP01,False,False
4500000352,VEND004,2025-06-30,360000,7,EMP021,2025-07-02,L2,800000,PLUMBING,JP01,False,False
4500000362,VEND002,2025-06-30,150000,6,EMP007,2025-07-02,L1,300000,BEVERAGE,JP01,False,False
4500000301,VEND030,2025-07-02,131000,8,EMP010,2025-07-04,L1,300000,EVENTS,JP01,False,False
4500000143,VEND019,2025-07-03,1377000,6,EMP029,2025-07-08,L3,2000000,PLUMBING,JP01,False,False
4500000337,VEND036,2025-07-04,831000,8,EMP026,2025-07-04,L3,2000000,DRY_GOODS,JP01,False,False
4500000245,VEND015,2025-07-05,984000,4,EMP029,2025-07-05,L3,2000000,EVENTS,JP01,False,False
4500000129,VEND019,2025-07-06,1004000,6,EMP026,2025-07-07,L3,2000000,PLUMBING,JP01,False,False
4500000263,VEND026,2025-07-06,1669000,6,EMP030,2025-07-08,L3,2000000,FRESH_PRODUCE,JP01,False,False
4500000429,VEND026,2025-07-06,520000,8,EMP019,2025-07-09,L2,800000,FRESH_PRODUCE,JP01,False,False
4500000482,VEND014,2025-07-06,999000,7,EMP025,2025-07-07,L3,2000000,HVAC,JP01,False,False
4500000140,VEND008,2025-07-07,831000,2,EMP028,2025-07-07,L3,2000000,HOUSEKEEPING,JP01,False,False
4500000178,VEND040,2025-07-07,1147000,1,EMP028,2025-07-08,L3,2000000,SECURITY,JP01,False,False
4500000116,VEND041,2025-07-10,442000,3,EMP022,2025-07-11,L2,800000,DRY_GOODS,JP01,False,False
4500000243,VEND001,2025-07-12,534000,6,EMP030,2025-07-15,L3,2000000,DRY_GOODS,JP01,False,False
4500000499,VEND035,2025-07-13,1337000,7,EMP029,2025-07-13,L3,2000000,SPA_SERVICES,JP01,False,False
4500000156,VEND036,2025-07-16,1584000,4,EMP025,2025-07-16,L3,2000000,SEAFOOD,JP01,False,False
4500000300,VEND006,2025-07-16,1339000,4,EMP028,2025-07-18,L3,2000000,DRY_GOODS,JP01,False,False
4500000415,VEND001,2025-07-16,647000,7,EMP019,2025-07-18,L2,800000,FRESH_PRODUCE,JP01,False,False
4500000341,VEND040,2025-07-17,1587000,4,EMP028,2025-07-17,L3,2000000,SECURITY,JP01,False,False
4500000494,VEND025,2025-07-17,645000,7,EMP028,2025-07-18,L3,2000000,SECURITY,JP01,False,False
4500000396,VEND015,2025-07-18,86000,4,EMP018,2025-07-21,L2,800000,IT_SUPPORT,JP01,False,False
4500000490,VEND031,2025-07-18,885000,7,EMP028,2025-07-23,L3,2000000,BEVERAGE,JP01,False,False
4500000115,VEND023,2025-07-20,229000,7,EMP021,2025-07-22,L2,800000,HOUSEKEEPING,JP01,False,False
4500000124,VEND011,2025-07-20,1452000,6,EMP026,2025-07-23,L3,2000000,FRESH_PRODUCE,JP01,False,False
4500000306,VEND025,2025-07-20,799000,8,EMP021,2025-07-22,L2,800000,IT_SUPPORT,JP01,False,False
4500000436,VEND032,2025-07-20,1690000,5,EMP030,2025-07-22,L3,2000000,BEVERAGE,JP01,False,False
4500000464,VEND012,2025-07-20,1543000,5,EMP025,2025-07-21,L3,2000000,DRY_GOODS,JP01,False,False
4500000095,VEND004,2025-07-21,59000,5,EMP009,2025-07-21,L1,300000,HVAC,JP01,False,False
4500000102,VEND040,2025-07-21,1455000,5,EMP030,2025-07-23,L3,2000000,EVENTS,JP01,False,False
4500000205,VEND032,2025-07-21,143000,3,EMP025,2025-07-22,L3,2000000,FRESH_PRODUCE,JP01,False,False
4500000384,VEND002,2025-07-21,665000,6,EMP028,2025-07-23,L3,2000000,BEVERAGE,JP01,False,False
4500000413,VEND004,2025-07-22,1265000,4,EMP030,2025-07-22,L3,2000000,ELECTRICAL,JP01,False,False
4500000033,VEND031,2025-07-23,1240000,8,EMP019,2025-07-25,L2,800000,SEAFOOD,JP01,False,True
4500000031,VEND040,2025-07-24,1185000,6,EMP021,2025-07-24,L2,800000,IT_SUPPORT,JP01,False,True
4500000348,VEND015,2025-07-24,1154000,8,EMP030,2025-07-24,L3,2000000,IT_SUPPORT,JP01,False,False
4500000309,VEND014,2025-07-25,1310000,7,EMP030,2025-07-25,L3,2000000,ELECTRICAL,JP01,False,False
4500000285,VEND004,2025-07-26,1125000,5,EMP030,2025-07-26,L3,2000000,KITCHEN_EQP,JP01,False,False
4500000106,VEND025,2025-07-27,1432000,7,EMP028,2025-07-28,L3,2000000,SPA_SERVICES,JP01,False,False
4500000030,VEND032,2025-07-28,778000,8,EMP007,2025-07-31,L1,300000,DRY_GOODS,JP01,False,True
4500000197,VEND008,2025-07-28,873000,7,EMP028,2025-07-28,L3,2000000,LAUNDRY,JP01,False,False
4500000034,VEND009,2025-07-29,711000,6,EMP004,2025-07-31,L1,300000,ELECTRICAL,JP01,False,True
4500000311,VEND033,2025-07-29,1594000,3,EMP026,2025-07-29,L3,2000000,HOUSEKEEPING,JP01,False,False
4500000100,VEND020,2025-07-31,526000,1,EMP026,2025-08-01,L3,2000000,IT_SUPPORT,JP01,False,False
4500000120,VEND029,2025-07-31,1348000,3,EMP026,2025-08-01,L3,2000000,ELECTRICAL,JP01,False,False
4500000198,VEND004,2025-08-01,571000,7,EMP019,2025-08-05,L2,800000,ELECTRICAL,JP01,False,False
4500000390,VEND023,2025-08-01,1338000,5,EMP030,2025-08-01,L3,2000000,HOUSEKEEPING,JP01,False,False
4500000137,VEND041,2025-08-02,544000,3,EMP025,2025-08-02,L3,2000000,BEVERAGE,JP01,False,False
4500000244,VEND012,2025-08-02,1067000,5,EMP028,2025-08-04,L3,2000000,SEAFOOD,JP01,False,False
4500000277,VEND031,2025-08-02,1093000,8,EMP029,2025-08-02,L3,2000000,DRY_GOODS,JP01,False,False
4500000393,VEND043,2025-08-02,333000,6,EMP025,2025-08-06,L3,2000000,LINEN,JP01,False,False
4500000441,VEND036,2025-08-02,935000,6,EMP029,2025-08-05,L3,2000000,SEAFOOD,JP01,False,False
4500000495,VEND009,2025-08-04,643000,5,EMP024,2025-08-05,L2,800000,HVAC,JP01,False,False
4500000132,VEND027,2025-08-05,1513000,7,EMP026,2025-08-06,L3,2000000,DRY_GOODS,JP01,False,False
4500000459,VEND028,2025-08-06,107000,5,EMP013,2025-08-07,L1,300000,LAUNDRY,JP01,False,False
4500000083,VEND036,2025-08-07,169000,3,EMP026,2025-08-12,L3,2000000,BEVERAGE,JP01,False,False
4500000023,VEND025,2025-08-08,657000,6,,,,0,SECURITY,JP01,False,True
4500000284,VEND027,2025-08-08,506000,4,EMP020,2025-08-08,L2,800000,FRESH_PRODUCE,JP01,False,False
4500000463,VEND024,2025-08-08,989000,6,EMP025,2025-08-12,L3,2000000,ELECTRICAL,JP01,False,False
4500000470,VEND025,2025-08-08,1084000,6,EMP028,2025-08-11,L3,2000000,IT_SUPPORT,JP01,False,False
4500000070,VEND021,2025-08-09,99000,4,EMP002,2025-08-13,L1,300000,FRESH_PRODUCE,JP01,False,False
4500000485,VEND026,2025-08-09,305000,5,EMP017,2025-08-12,L2,800000,BEVERAGE,JP01,False,False
4500000492,VEND038,2025-08-10,175000,1,EMP030,2025-08-11,L3,2000000,LINEN,JP01,False,False
4500000015,VEND032,2025-08-11,403000,7,EMP020,2025-08-12,L2,800000,FRESH_PRODUCE,JP01,True,False
4500000016,VEND032,2025-08-11,292000,2,EMP014,2025-08-14,L1,300000,DRY_GOODS,JP01,True,False
4500000452,VEND042,2025-08-11,1621000,3,EMP029,2025-08-11,L3,2000000,SEAFOOD,JP01,False,False
4500000365,VEND038,2025-08-12,343000,1,EMP025,2025-08-14,L3,2000000,LINEN,JP01,False,False
4500000376,VEND017,2025-08-12,1685000,2,EMP025,2025-08-12,L3,2000000,FRESH_PRODUCE,JP01,False,False
4500000057,VEND008,2025-08-14,1566000,2,EMP025,2025-08-19,L3,2000000,LINEN,JP01,False,False
4500000071,VEND019,2025-08-14,1589000,5,EMP030,2025-08-18,L3,2000000,KITCHEN_EQP,JP01,False,False
4500000375,VEND015,2025-08-14,1064000,5,EMP029,2025-08-15,L3,2000000,EVENTS,JP01,False,False
4500000438,VEND027,2025-08-14,1280000,6,EMP029,2025-08-14,L3,2000000,DRY_GOODS,JP01,False,False
4500000072,VEND025,2025-08-16,976000,6,EMP026,2025-08-19,L3,2000000,SPA_SERVICES,JP01,False,False
4500000238,VEND032,2025-08-17,1578000,2,EMP028,2025-08-19,L3,2000000,SEAFOOD,JP01,False,False
4500000086,VEND038,2025-08-18,1185000,6,EMP028,2025-08-18,L3,2000000,HOUSEKEEPING,JP01,False,False
4500000026,VEND015,2025-08-20,1083000,2,,,,0,SPA_SERVICES,JP01,False,True
4500000290,VEND022,2025-08-20,987000,3,EMP028,2025-08-25,L3,2000000,FRESH_PRODUCE,JP01,False,False
4500000354,VEND025,2025-08-20,328000,1,EMP026,2025-08-20,L3,2000000,IT_SUPPORT,JP01,False,False
4500000159,VEND010,2025-08-21,644000,6,EMP029,2025-08-25,L3,2000000,EVENTS,JP01,False,False
4500000316,VEND009,2025-08-22,1327000,1,EMP025,2025-08-27,L3,2000000,ELECTRICAL,JP01,False,False
4500000360,VEND004,2025-08-24,1370000,3,EMP025,2025-08-25,L3,2000000,PLUMBING,JP01,False,False
4500000019,VEND020,2025-08-25,450000,6,EMP017,2025-08-28,L2,800000,IT_SUPPORT,JP01,True,False
4500000020,VEND020,2025-08-25,341000,5,EMP020,2025-08-25,L2,800000,EVENTS,JP01,True,False
4500000382,VEND027,2025-08-25,518000,2,EMP030,2025-08-25,L3,2000000,SEAFOOD,JP01,False,False
4500000402,VEND029,2025-08-26,536000,8,EMP028,2025-08-26,L3,2000000,PLUMBING,JP01,False,False
4500000456,VEND007,2025-08-26,255000,5,EMP014,2025-08-26,L1,300000,SEAFOOD,JP01,False,False
4500000344,VEND004,2025-08-27,1135000,3,EMP029,2025-08-28,L3,2000000,HVAC,JP01,False,False
4500000437,VEND002,2025-08-27,1330000,6,EMP026,2025-08-28,L3,2000000,SEAFOOD,JP01,False,False
4500000258,VEND024,2025-08-28,1079000,3,EMP028,2025-08-28,L3,2000000,PLUMBING,JP01,False,False
4500000416,VEND013,2025-08-28,200000,2,EMP010,2025-09-02,L1,300000,HOUSEKEEPING,JP01,False,False
4500000454,VEND012,2025-08-28,174000,3,EMP001,2025-08-28,L1,300000,DRY_GOODS,JP01,False,False
4500000076,VEND001,2025-08-29,129000,1,EMP001,2025-08-29,L1,300000,DRY_GOODS,JP01,False,False
4500000177,VEND023,2025-08-29,826000,7,EMP028,2025-08-29,L3,2000000,LINEN,JP01,False,False
4500000319,VEND024,2025-08-29,697000,8,EMP028,2025-08-29,L3,2000000,PLUMBING,JP01,False,False
4500000332,VEND036,2025-08-30,1488000,4,EMP026,2025-09-03,L3,2000000,FRESH_PRODUCE,JP01,False,False
4500000373,VEND044,2025-08-30,1424000,6,EMP026,2025-08-30,L3,2000000,HVAC,JP01,False,False
4500000403,VEND030,2025-08-31,1291000,1,EMP025,2025-09-02,L3,2000000,SPA_SERVICES,JP01,False,False
4500000467,VEND040,2025-08-31,1178000,8,EMP029,2025-09-03,L3,2000000,IT_SUPPORT,JP01,False,False
4500000130,VEND014,2025-09-01,120000,1,EMP017,2025-09-01,L2,800000,ELECTRICAL,JP01,False,False
4500000498,VEND017,2025-09-01,876000,2,EMP030,2025-09-02,L3,2000000,DRY_GOODS,JP01,False,False
4500000407,VEND042,2025-09-02,156000,6,EMP025,2025-09-03,L3,2000000,SEAFOOD,JP01,False,False
4500000477,VEND030,2025-09-02,821000,5,EMP029,2025-09-03,L3,2000000,SPA_SERVICES,JP01,False,False
4500000192,VEND015,2025-09-03,1107000,8,EMP026,2025-09-03,L3,2000000,SECURITY,JP01,False,False
4500000087,VEND036,2025-09-04,66000,5,EMP014,2025-09-08,L1,300000,SEAFOOD,JP01,False,False
4500000242,VEND006,2025-09-04,698000,5,EMP024,2025-09-09,L2,800000,FRESH_PRODUCE,JP01,False,False
4500000305,VEND016,2025-09-04,1015000,1,EMP025,2025-09-05,L3,2000000,SEAFOOD,JP01,False,False
4500000240,VEND042,2025-09-05,551000,1,EMP021,2025-09-05,L2,800000,DRY_GOODS,JP01,False,False
4500000302,VEND040,2025-09-05,1195000,2,EMP026,2025-09-08,L3,2000000,SPA_SERVICES,JP01,False,False
4500000304,VEND020,2025-09-05,1618000,6,EMP030,2025-09-08,L3,2000000,SECURITY,JP01,False,False
4500000374,VEND020,2025-09-07,1427000,2,EMP030,2025-09-09,L3,2000000,SPA_SERVICES,JP01,False,False
4500000093,VEND044,2025-09-09,1384000,8,EMP028,2025-09-10,L3,2000000,KITCHEN_EQP,JP01,False,False
4500000215,VEND042,2025-09-11,1260000,7,EMP030,2025-09-16,L3,2000000,DRY_GOODS,JP01,False,False
4500000066,VEND012,2025-09-12,1347000,6,EMP025,2025-09-17,L3,2000000,DRY_GOODS,JP01,False,False
4500000312,VEND020,2025-09-12,1657000,8,EMP030,2025-09-16,L3,2000000,IT_SUPPORT,JP01,False,False
4500000491,VEND019,2025-09-12,1124000,8,EMP029,2025-09-17,L3,2000000,KITCHEN_EQP,JP01,False,False
4500000081,VEND004,2025-09-13,459000,2,EMP021,2025-09-13,L2,800000,PLUMBING,JP01,False,False
4500000109,VEND029,2025-09-17,1651000,3,EMP025,2025-09-18,L3,2000000,KITCHEN_EQP,JP01,False,False
4500000236,VEND042,2025-09-17,1489000,7,EMP028,2025-09-17,L3,2000000,SEAFOOD,JP01,False,False
4500000287,VEND008,2025-09-17,1319000,4,EMP029,2025-09-17,L3,2000000,HOUSEKEEPING,JP01,False,False
4500000221,VEND013,2025-09-18,147000,4,EMP026,2025-09-19,L3,2000000,LAUNDRY,JP01,False,False
4500000363,VEND022,2025-09-20,1375000,6,EMP029,2025-09-23,L3,2000000,DRY_GOODS,JP01,False,False
4500000122,VEND030,2025-09-21,209000,2,EMP001,2025-09-21,L1,300000,IT_SUPPORT,JP01,False,False
4500000162,VEND025,2025-09-21,945000,3,EMP029,2025-09-23,L3,2000000,IT_SUPPORT,JP01,False,False
4500000465,VEND004,2025-09-21,294000,2,EMP005,2025-09-21,L1,300000,ELECTRICAL,JP01,False,False
4500000347,VEND030,2025-09-22,841000,8,EMP029,2025-09-24,L3,2000000,SPA_SERVICES,JP01,False,False
4500000273,VEND015,2025-09-25,1348000,1,EMP028,2025-09-25,L3,2000000,EVENTS,JP01,False,False
4500000248,VEND036,2025-09-26,155000,6,EMP011,2025-09-29,L1,300000,BEVERAGE,JP01,False,False
4500000064,VEND043,2025-09-27,1198000,8,EMP030,2025-09-27,L3,2000000,HOUSEKEEPING,JP01,False,False
4500000104,VEND037,2025-09-29,485000,8,EMP015,2025-09-30,L2,800000,SEAFOOD,JP01,False,False
4500000326,VEND001,2025-09-29,857000,5,EMP028,2025-10-02,L3,2000000,SEAFOOD,JP01,False,False
4500000133,VEND002,2025-10-01,527000,3,EMP030,2025-10-01,L3,2000000,DRY_GOODS,JP01,False,False
4500000229,VEND015,2025-10-01,596000,4,EMP024,2025-10-03,L2,800000,SECURITY,JP01,False,False
4500000442,VEND004,2025-10-01,281000,8,EMP016,2025-10-06,L2,800000,HVAC,JP01,False,False
4500000038,VEND049,2025-10-02,868000,8,EMP026,2025-10-06,L3,2000000,HVAC,JP01,False,False
4500000224,VEND025,2025-10-02,1199000,1,EMP029,2025-10-03,L3,2000000,IT_SUPPORT,JP01,False,False
4500000119,VEND023,2025-10-03,664000,2,EMP023,2025-10-08,L2,800000,LINEN,JP01,False,False
4500000208,VEND041,2025-10-03,365000,5,EMP015,2025-10-06,L2,800000,BEVERAGE,JP01,False,False
4500000256,VEND021,2025-10-03,1487000,8,EMP030,2025-10-03,L3,2000000,BEVERAGE,JP01,False,False
4500000404,VEND008,2025-10-03,539000,7,EMP026,2025-10-03,L3,2000000,HOUSEKEEPING,JP01,False,False
4500000444,VEND041,2025-10-03,1024000,6,EMP029,2025-10-08,L3,2000000,BEVERAGE,JP01,False,False
4500000446,VEND039,2025-10-03,630000,4,EMP029,2025-10-06,L3,2000000,HVAC,JP01,False,False
4500000045,VEND049,2025-10-04,273000,8,EMP007,2025-10-07,L1,300000,PLUMBING,JP01,False,False
4500000152,VEND001,2025-10-05,1572000,2,EMP030,2025-10-06,L3,2000000,DRY_GOODS,JP01,False,False
4500000307,VEND023,2025-10-05,1043000,4,EMP025,2025-10-07,L3,2000000,HOUSEKEEPING,JP01,False,False
4500000181,VEND044,2025-10-06,1368000,6,EMP025,2025-10-07,L3,2000000,ELECTRICAL,JP01,False,False
4500000146,VEND042,2025-10-07,178000,7,EMP024,2025-10-08,L2,800000,SEAFOOD,JP01,False,False
4500000268,VEND015,2025-10-07,870000,8,EMP025,2025-10-10,L3,2000000,IT_SUPPORT,JP01,False,False
4500000392,VEND031,2025-10-07,1418000,6,EMP025,2025-10-10,L3,2000000,SEAFOOD,JP01,False,False
4500000050,VEND030,2025-10-08,552000,5,EMP023,2025-10-13,L2,800000,IT_SUPPORT,JP01,False,False
4500000440,VEND003,2025-10-08,140000,8,EMP017,2025-10-08,L2,800000,LAUNDRY,JP01,False,False
4500000478,VEND026,2025-10-08,1560000,2,EMP028,2025-10-10,L3,2000000,FRESH_PRODUCE,JP01,False,False
4500000158,VEND013,2025-10-10,1275000,3,EMP025,2025-10-10,L3,2000000,HOUSEKEEPING,JP01,False,False
4500000234,VEND001,2025-10-10,1424000,4,EMP030,2025-10-13,L3,2000000,SEAFOOD,JP01,False,False
4500000292,VEND037,2025-10-10,268000,1,EMP003,2025-10-13,L1,300000,BEVERAGE,JP01,False,False
4500000327,VEND001,2025-10-10,1585000,5,EMP025,2025-10-14,L3,2000000,FRESH_PRODUCE,JP01,False,False
4500000406,VEND036,2025-10-12,1637000,6,EMP028,2025-10-14,L3,2000000,SEAFOOD,JP01,False,False
4500000039,VEND046,2025-10-13,811000,1,EMP028,2025-10-16,L3,2000000,SEAFOOD,JP01,False,False
4500000025,VEND030,2025-10-17,1246000,2,,,,0,SECURITY,JP01,False,True
4500000060,VEND027,2025-10-19,274000,6,EMP017,2025-10-22,L2,800000,FRESH_PRODUCE,JP01,False,False
4500000187,VEND045,2025-10-20,510000,2,EMP029,2025-10-23,L3,2000000,EVENTS,JP01,False,False
4500000211,VEND026,2025-10-20,580000,5,EMP023,2025-10-20,L2,800000,BEVERAGE,JP01,False,False
4500000474,VEND016,2025-10-21,895000,7,EMP025,2025-10-21,L3,2000000,BEVERAGE,JP01,False,False
4500000479,VEND029,2025-10-21,739000,2,EMP019,2025-10-22,L2,800000,HVAC,JP01,False,False
4500000153,VEND004,2025-10-22,1308000,5,EMP030,2025-10-27,L3,2000000,ELECTRICAL,JP01,False,False
4500000329,VEND044,2025-10-22,860000,8,EMP028,2025-10-27,L3,2000000,HVAC,JP01,False,False
4500000043,VEND047,2025-10-23,613000,8,EMP030,2025-10-27,L3,2000000,SEAFOOD,JP01,False,False
4500000185,VEND009,2025-10-23,206000,5,EMP014,2025-10-23,L1,300000,KITCHEN_EQP,JP01,False,False
4500000172,VEND042,2025-10-24,1493000,1,EMP030,2025-10-29,L3,2000000,BEVERAGE,JP01,False,False
4500000288,VEND038,2025-10-24,1186000,4,EMP028,2025-10-29,L3,2000000,LAUNDRY,JP01,False,False
4500000270,VEND020,2025-10-27,1191000,7,EMP030,2025-10-29,L3,2000000,SPA_SERVICES,JP01,False,False
4500000339,VEND033,2025-10-27,1030000,7,EMP028,2025-10-27,L3,2000000,LINEN,JP01,False,False
4500000487,VEND007,2025-10-27,1201000,6,EMP025,2025-10-27,L3,2000000,SEAFOOD,JP01,False,False
4500000336,VEND024,2025-10-29,794000,6,EMP015,2025-10-30,L2,800000,PLUMBING,JP01,False,False
4500000077,VEND036,2025-10-31,1034000,6,EMP029,2025-11-03,L3,2000000,DRY_GOODS,JP01,False,False
4500000049,VEND023,2025-11-01,1667000,2,EMP029,2025-11-04,L3,2000000,LAUNDRY,JP01,False,False
4500000167,VEND001,2025-11-01,804000,4,EMP030,2025-11-05,L3,2000000,BEVERAGE,JP01,False,False
4500000434,VEND023,2025-11-01,841000,8,EMP025,2025-11-04,L3,2000000,LAUNDRY,JP01,False,False
4500000036,VEND049,2025-11-02,711000,4,EMP020,2025-11-05,L2,800000,HVAC,JP01,False,False
4500000042,VEND048,2025-11-02,902000,6,EMP025,2025-11-02,L3,2000000,LAUNDRY,JP01,False,False
4500000338,VEND028,2025-11-02,143000,8,EMP020,2025-11-02,L2,800000,HOUSEKEEPING,JP01,False,False
4500000044,VEND050,2025-11-03,1320000,3,EMP025,2025-11-05,L3,2000000,IT_SUPPORT,JP01,False,False
4500000247,VEND020,2025-11-03,1350000,2,EMP028,2025-11-04,L3,2000000,SECURITY,JP01,False,False
4500000293,VEND041,2025-11-03,146000,6,EMP020,2025-11-04,L2,800000,SEAFOOD,JP01,False,False
4500000350,VEND042,2025-11-03,56000,3,EMP008,2025-11-06,L1,300000,SEAFOOD,JP01,False,False
4500000366,VEND043,2025-11-04,653000,3,EMP016,2025-11-06,L2,800000,LAUNDRY,JP01,False,False
4500000201,VEND010,2025-11-05,700000,3,EMP028,2025-11-06,L3,2000000,SPA_SERVICES,JP01,False,False
4500000483,VEND017,2025-11-05,831000,3,EMP028,2025-11-06,L3,2000000,SEAFOOD,JP01,False,False
4500000276,VEND006,2025-11-06,271000,3,EMP004,2025-11-06,L1,300000,DRY_GOODS,JP01,False,False
4500000419,VEND043,2025-11-06,558000,4,EMP016,2025-11-11,L2,800000,HOUSEKEEPING,JP01,False,False
4500000299,VEND012,2025-11-07,156000,7,EMP007,2025-11-11,L1,300000,SEAFOOD,JP01,False,False
4500000417,VEND023,2025-11-07,732000,4,EMP020,2025-11-12,L2,800000,LINEN,JP01,False,False
4500000216,VEND008,2025-11-08,670000,8,EMP029,2025-11-11,L3,2000000,LAUNDRY,JP01,False,False
4500000266,VEND008,2025-11-08,1580000,4,EMP029,2025-11-11,L3,2000000,HOUSEKEEPING,JP01,False,False
4500000303,VEND045,2025-11-08,1143000,8,EMP026,2025-11-12,L3,2000000,SECURITY,JP01,False,False
4500000174,VEND002,2025-11-09,1262000,4,EMP026,2025-11-12,L3,2000000,SEAFOOD,JP01,False,False
4500000372,VEND020,2025-11-09,1619000,7,EMP030,2025-11-09,L3,2000000,SPA_SERVICES,JP01,False,False
4500000443,VEND044,2025-11-09,136000,8,EMP017,2025-11-12,L2,800000,HVAC,JP01,False,False
4500000141,VEND024,2025-11-10,876000,6,EMP029,2025-11-10,L3,2000000,HVAC,JP01,False,False
4500000322,VEND035,2025-11-10,153000,6,EMP007,2025-11-12,L1,300000,SECURITY,JP01,False,False
4500000364,VEND009,2025-11-10,342000,4,EMP025,2025-11-11,L3,2000000,ELECTRICAL,JP01,False,False
4500000260,VEND031,2025-11-12,693000,2,EMP015,2025-11-14,L2,800000,FRESH_PRODUCE,JP01,False,False
4500000313,VEND005,2025-11-12,166000,5,EMP023,2025-11-12,L2,800000,EVENTS,JP01,False,False
4500000342,VEND024,2025-11-12,746000,7,EMP019,2025-11-13,L2,800000,KITCHEN_EQP,JP01,False,False
4500000127,VEND024,2025-11-13,925000,6,EMP028,2025-11-18,L3,2000000,PLUMBING,JP01,False,False
4500000411,VEND017,2025-11-13,1063000,2,EMP026,2025-11-17,L3,2000000,FRESH_PRODUCE,JP01,False,False
4500000227,VEND042,2025-11-14,1564000,1,EMP029,2025-11-19,L3,2000000,FRESH_PRODUCE,JP01,False,False
4500000022,VEND017,2025-11-15,975000,1,,,,0,FRESH_PRODUCE,JP01,False,True
4500000073,VEND013,2025-11-15,619000,5,EMP030,2025-11-19,L3,2000000,LAUNDRY,JP01,False,False
4500000460,VEND021,2025-11-16,1577000,7,EMP025,2025-11-19,L3,2000000,BEVERAGE,JP01,False,False
4500000103,VEND024,2025-11-17,624000,4,EMP024,2025-11-20,L2,800000,ELECTRICAL,JP01,False,False
4500000207,VEND044,2025-11-18,1368000,7,EMP029,2025-11-21,L3,2000000,ELECTRICAL,JP01,False,False
4500000371,VEND006,2025-11-18,1581000,8,EMP026,2025-11-19,L3,2000000,FRESH_PRODUCE,JP01,False,False
4500000145,VEND012,2025-11-19,171000,2,EMP008,2025-11-19,L1,300000,SEAFOOD,JP01,False,False
4500000252,VEND022,2025-11-19,1656000,4,EMP030,2025-11-20,L3,2000000,DRY_GOODS,JP01,False,False
4500000253,VEND017,2025-11-20,599000,1,EMP022,2025-11-21,L2,800000,FRESH_PRODUCE,JP01,False,False
4500000331,VEND043,2025-11-21,803000,4,EMP028,2025-11-21,L3,2000000,LINEN,JP01,False,False
4500000114,VEND003,2025-11-22,1620000,3,EMP026,2025-11-26,L3,2000000,LINEN,JP01,False,False
4500000439,VEND007,2025-11-23,1531000,2,EMP028,2025-11-23,L3,2000000,DRY_GOODS,JP01,False,False
4500000223,VEND013,2025-11-24,122000,2,EMP004,2025-11-26,L1,300000,LAUNDRY,JP01,False,False
4500000468,VEND016,2025-11-24,727000,3,EMP023,2025-11-24,L2,800000,SEAFOOD,JP01,False,False
4500000377,VEND010,2025-11-25,1700000,5,EMP025,2025-11-28,L3,2000000,EVENTS,JP01,False,False
4500000204,VEND040,2025-11-26,956000,7,EMP028,2025-12-01,L3,2000000,IT_SUPPORT,JP01,False,False
4500000395,VEND032,2025-11-26,136000,6,EMP013,2025-11-28,L1,300000,DRY_GOODS,JP01,False,False
4500000462,VEND025,2025-11-26,623000,6,EMP020,2025-11-28,L2,800000,SPA_SERVICES,JP01,False,False
4500000108,VEND036,2025-11-28,1425000,8,EMP025,2025-12-02,L3,2000000,FRESH_PRODUCE,JP01,False,False
4500000160,VEND020,2025-11-28,307000,5,EMP030,2025-12-03,L3,2000000,SPA_SERVICES,JP01,False,False
4500000166,VEND040,2025-11-28,1368000,4,EMP029,2025-12-01,L3,2000000,IT_SUPPORT,JP01,False,False
4500000170,VEND032,2025-11-28,140000,8,EMP029,2025-12-03,L3,2000000,SEAFOOD,JP01,False,False
4500000149,VEND038,2025-11-29,298000,3,EMP019,2025-11-29,L2,800000,LINEN,JP01,False,False
4500000340,VEND042,2025-11-29,978000,8,EMP025,2025-11-29,L3,2000000,FRESH_PRODUCE,JP01,False,False
4500000448,VEND022,2025-11-29,817000,2,EMP025,2025-12-01,L3,2000000,SEAFOOD,JP01,False,False
4500000055,VEND038,2025-11-30,1653000,5,EMP028,2025-11-30,L3,2000000,LINEN,JP01,False,False
4500000092,VEND031,2025-12-03,975000,3,EMP028,2025-12-03,L3,2000000,FRESH_PRODUCE,JP01,False,False
4500000118,VEND020,2025-12-03,140000,3,EMP029,2025-12-03,L3,2000000,SECURITY,JP01,False,False
4500000217,VEND031,2025-12-03,98000,8,EMP013,2025-12-05,L1,300000,FRESH_PRODUCE,JP01,False,False
4500000320,VEND001,2025-12-03,917000,4,EMP026,2025-12-08,L3,2000000,BEVERAGE,JP01,False,False
4500000321,VEND017,2025-12-03,986000,4,EMP025,2025-12-04,L3,2000000,FRESH_PRODUCE,JP01,False,False
4500000041,VEND049,2025-12-04,1280000,2,EMP026,2025-12-04,L3,2000000,PLUMBING,JP01,False,False
4500000090,VEND002,2025-12-04,256000,3,EMP004,2025-12-08,L1,300000,DRY_GOODS,JP01,False,False
4500000040,VEND049,2025-12-05,351000,7,EMP020,2025-12-10,L2,800000,KITCHEN_EQP,JP01,False,False
4500000196,VEND023,2025-12-05,1453000,2,EMP029,2025-12-10,L3,2000000,LAUNDRY,JP01,False,False
4500000295,VEND041,2025-12-07,1165000,6,EMP025,2025-12-09,L3,2000000,DRY_GOODS,JP01,False,False
4500000450,VEND022,2025-12-07,922000,6,EMP026,2025-12-08,L3,2000000,BEVERAGE,JP01,False,False
4500000455,VEND039,2025-12-07,1018000,8,EMP025,2025-12-09,L3,2000000,KITCHEN_EQP,JP01,False,False
4500000231,VEND023,2025-12-08,698000,3,EMP018,2025-12-11,L2,800000,LINEN,JP01,False,False
4500000254,VEND041,2025-12-08,784000,3,EMP021,2025-12-09,L2,800000,SEAFOOD,JP01,False,False
4500000194,VEND029,2025-12-09,864000,3,EMP026,2025-12-09,L3,2000000,ELECTRICAL,JP01,False,False
4500000136,VEND029,2025-12-10,562000,1,EMP019,2025-12-11,L2,800000,PLUMBING,JP01,False,False
4500000148,VEND014,2025-12-10,1319000,6,EMP026,2025-12-12,L3,2000000,ELECTRICAL,JP01,False,False
4500000422,VEND015,2025-12-10,934000,6,EMP028,2025-12-12,L3,2000000,IT_SUPPORT,JP01,False,False
4500000142,VEND038,2025-12-11,1045000,5,EMP028,2025-12-11,L3,2000000,LINEN,JP01,False,False
4500000298,VEND031,2025-12-12,992000,7,EMP029,2025-12-16,L3,2000000,SEAFOOD,JP01,False,False
4500000037,VEND050,2025-12-14,1335000,2,EMP030,2025-12-17,L3,2000000,IT_SUPPORT,JP01,False,False
4500000063,VEND026,2025-12-14,998000,1,EMP028,2025-12-14,L3,2000000,FRESH_PRODUCE,JP01,False,False
4500000101,VEND025,2025-12-15,1643000,8,EMP028,2025-12-15,L3,2000000,IT_SUPPORT,JP01,False,False
4500000255,VEND021,2025-12-19,821000,5,EMP029,2025-12-19,L3,2000000,FRESH_PRODUCE,JP01,False,False
4500000412,VEND024,2025-12-19,118000,7,EMP013,2025-12-24,L1,300000,PLUMBING,JP01,False,False
4500000314,VEND045,2025-12-22,609000,5,EMP023,2025-12-23,L2,800000,SPA_SERVICES,JP01,False,False
4500000424,VEND023,2025-12-23,772000,5,EMP028,2025-12-23,L3,2000000,LINEN,JP01,False,False
4500000458,VEND040,2025-12-26,177000,6,EMP022,2025-12-26,L2,800000,SPA_SERVICES,JP01,False,False
4500000426,VEND028,2025-12-28,536000,4,EMP015,2025-12-28,L2,800000,LAUNDRY,JP01,False,False
4500000028,VEND013,2025-12-30,752000,8,,,,0,LINEN,JP01,False,True
4500000032,VEND027,2025-12-31,1234000,4,EMP008,2026-01-02,L1,300000,BEVERAGE,JP01,False,True
4500000239,VEND030,2025-12-31,1102000,6,EMP030,2026-01-05,L3,2000000,EVENTS,JP01,False,False
